track_name,track_artist,track_album_name,track_href,uri
BIRDS OF A FEATHER,Billie Eilish,HIT ME HARD AND SOFT,https://api.spotify.com/v1/tracks/6dOtVTDdiauQNBQEDOtlAB,spotify:track:6dOtVTDdiauQNBQEDOtlAB
Diet Pepsi,Addison Rae,Diet Pepsi,https://api.spotify.com/v1/tracks/6MzofobZt2dm0Kf1hTThFz,spotify:track:6MzofobZt2dm0Kf1hTThFz
Please Please Please,Sabrina Carpenter,Please Please Please,https://api.spotify.com/v1/tracks/5N3hjp1WNayUPZrA8kJmJP,spotify:track:5N3hjp1WNayUPZrA8kJmJP
A Bar Song (Tipsy),Shaboozey,A Bar Song (Tipsy),https://api.spotify.com/v1/tracks/2FQrifJ1N335Ljm3TjTVVf,spotify:track:2FQrifJ1N335Ljm3TjTVVf
"Sticky (feat. GloRilla, Sexyy Red & Lil Wayne)","Tyler, The Creator, GloRilla, Sexyy Red, Lil Wayne",CHROMAKOPIA,https://api.spotify.com/v1/tracks/3tFed7YsjGnIfxeLEQwx3R,spotify:track:3tFed7YsjGnIfxeLEQwx3R
Qué Pasaría...,"Rauw Alejandro, Bad Bunny",Cosa Nuestra,https://api.spotify.com/v1/tracks/0l0vcZMU7AOeQmUIREoI2U,spotify:track:0l0vcZMU7AOeQmUIREoI2U
Tu Boda,"Oscar Maydon, Fuerza Regida",Tu Boda,https://api.spotify.com/v1/tracks/1cOboCuWYI2osTOfolMRS6,spotify:track:1cOboCuWYI2osTOfolMRS6
Belong Together,Mark Ambor,Belong Together,https://api.spotify.com/v1/tracks/5uQ7de4EWjb3rkcFxyEOpu,spotify:track:5uQ7de4EWjb3rkcFxyEOpu
Si Antes Te Hubiera Conocido,KAROL G,Si Antes Te Hubiera Conocido,https://api.spotify.com/v1/tracks/6WatFBLVB0x077xWeoVc2k,spotify:track:6WatFBLVB0x077xWeoVc2k
Not Like Us,Kendrick Lamar,Not Like Us,https://api.spotify.com/v1/tracks/6AI3ezQ4o3HUoP6Dhudph3,spotify:track:6AI3ezQ4o3HUoP6Dhudph3
+57,"KAROL G, Feid, DFZM, Ovy On The Drums, J Balvin, Maluma, Ryan Castro, Blessd",+57,https://api.spotify.com/v1/tracks/3mg9jYNC1NihbthlglzrWP,spotify:track:3mg9jYNC1NihbthlglzrWP
Embrace It,Ndotz,Embrace It,https://api.spotify.com/v1/tracks/0io16MKpbeDIdYzmGpQaES,spotify:track:0io16MKpbeDIdYzmGpQaES
"Another Brick in the Wall, Pt. 2",Pink Floyd,The Wall,https://api.spotify.com/v1/tracks/4gMgiXfqyzZLMhsksGmbQV,spotify:track:4gMgiXfqyzZLMhsksGmbQV
Under the Bridge,Red Hot Chili Peppers,Blood Sugar Sex Magik (Deluxe Edition),https://api.spotify.com/v1/tracks/3d9DChrdc6BOeFsbrZ3Is0,spotify:track:3d9DChrdc6BOeFsbrZ3Is0
Starman - 2012 Remaster,David Bowie,The Rise and Fall of Ziggy Stardust and the Spiders from Mars (2012 Remaster),https://api.spotify.com/v1/tracks/0pQskrTITgmCMyr85tb9qq,spotify:track:0pQskrTITgmCMyr85tb9qq
Everywhere - 2017 Remaster,Fleetwood Mac,Tango In the Night (Deluxe Edition),https://api.spotify.com/v1/tracks/254bXAqt3zP6P50BdQvEsq,spotify:track:254bXAqt3zP6P50BdQvEsq
Another One Bites The Dust - Remastered 2011,Queen,The Game (Deluxe Remastered Version),https://api.spotify.com/v1/tracks/57JVGBtBLCfHw2muk5416J,spotify:track:57JVGBtBLCfHw2muk5416J
For What It's Worth,Buffalo Springfield,Buffalo Springfield,https://api.spotify.com/v1/tracks/1qRA5BS78u3gME0loMl9AA,spotify:track:1qRA5BS78u3gME0loMl9AA
Africa,TOTO,Toto IV,https://api.spotify.com/v1/tracks/2374M0fQpWi3dLnB54qaLX,spotify:track:2374M0fQpWi3dLnB54qaLX
Good Riddance (Time of Your Life),Green Day,Nimrod,https://api.spotify.com/v1/tracks/6ORqU0bHbVCRjXm9AjyHyZ,spotify:track:6ORqU0bHbVCRjXm9AjyHyZ
Free Fallin',Tom Petty,Full Moon Fever,https://api.spotify.com/v1/tracks/5tVA6TkbaAH9QMITTQRrNv,spotify:track:5tVA6TkbaAH9QMITTQRrNv
"Sticky (feat. GloRilla, Sexyy Red & Lil Wayne)","Tyler, The Creator, GloRilla, Sexyy Red, Lil Wayne",CHROMAKOPIA,https://api.spotify.com/v1/tracks/3tFed7YsjGnIfxeLEQwx3R,spotify:track:3tFed7YsjGnIfxeLEQwx3R
HIM ALL ALONG,Gunna,HIM ALL ALONG,https://api.spotify.com/v1/tracks/2EKL77lwxvo615Ga7VjEUl,spotify:track:2EKL77lwxvo615Ga7VjEUl
Gang Baby,NLE Choppa,SLUT SZN,https://api.spotify.com/v1/tracks/76Ku9OBFK1NjMylR8r4WLK,spotify:track:76Ku9OBFK1NjMylR8r4WLK
Help Me,Real Boston Richey,Help Me,https://api.spotify.com/v1/tracks/487JCvAXVblflZyDJn3fSp,spotify:track:487JCvAXVblflZyDJn3fSp
No Face,Drake,No Face,https://api.spotify.com/v1/tracks/1560osUcXrnov6yuOjXvc1,spotify:track:1560osUcXrnov6yuOjXvc1
Sorry Not Sorry,"Lil Yachty, Veeze",Sorry Not Sorry,https://api.spotify.com/v1/tracks/4lwfqyQXSDJ7kELpMErMih,spotify:track:4lwfqyQXSDJ7kELpMErMih
Brokey,Latto,Sugar Honey Iced Tea,https://api.spotify.com/v1/tracks/1JF8LkQWZ8grXb2emqrNKn,spotify:track:1JF8LkQWZ8grXb2emqrNKn
Not Like Us,Kendrick Lamar,Not Like Us,https://api.spotify.com/v1/tracks/6AI3ezQ4o3HUoP6Dhudph3,spotify:track:6AI3ezQ4o3HUoP6Dhudph3
Thought I Was Dead (feat. ScHoolboy Q & Santigold),"Tyler, The Creator, ScHoolboy Q, Santigold",CHROMAKOPIA,https://api.spotify.com/v1/tracks/2aYHxnMF2umAavtgBvmkY1,spotify:track:2aYHxnMF2umAavtgBvmkY1
Both Ways,Juice WRLD,The Pre-Party (Extended),https://api.spotify.com/v1/tracks/2FRc9wqgIjg2E3bH13ww6U,spotify:track:2FRc9wqgIjg2E3bH13ww6U
NISSAN ALTIMA,Doechii,Alligator Bites Never Heal,https://api.spotify.com/v1/tracks/2dKkVF2m160z0RNDN2dddc,spotify:track:2dKkVF2m160z0RNDN2dddc
Tailor Swif,A$AP Rocky,Tailor Swif,https://api.spotify.com/v1/tracks/5xMjhZKSo8yh5r9b5vrYRr,spotify:track:5xMjhZKSo8yh5r9b5vrYRr
Not Like Us,Kendrick Lamar,Not Like Us,https://api.spotify.com/v1/tracks/6AI3ezQ4o3HUoP6Dhudph3,spotify:track:6AI3ezQ4o3HUoP6Dhudph3
"Bent (with Kyle Richh, Jenn Carter & TaTa)","41, Kyle Richh, Jenn Carter, TaTa",41 World: Not The Album,https://api.spotify.com/v1/tracks/1haa8GXT0cl9wzRnpZG0YH,spotify:track:1haa8GXT0cl9wzRnpZG0YH
6locc 6a6y,Lil Loaded,6locc 6a6y,https://api.spotify.com/v1/tracks/3WCXvxgQ7U3mznWsQjiEMu,spotify:track:3WCXvxgQ7U3mznWsQjiEMu
Superhero (Heroes & Villains) [with Future & Chris Brown],"Metro Boomin, Future, Chris Brown",HEROES & VILLAINS,https://api.spotify.com/v1/tracks/0vjeOZ3Ft5jvAi9SBFJm1j,spotify:track:0vjeOZ3Ft5jvAi9SBFJm1j
Loading,Central Cee,Wild West,https://api.spotify.com/v1/tracks/4vzJrkfHbCGaodPA5RY5BV,spotify:track:4vzJrkfHbCGaodPA5RY5BV
Neva Cared,Polo G,Neva Cared,https://api.spotify.com/v1/tracks/3UnYMo1aeD0o8VtHy3R8cs,spotify:track:3UnYMo1aeD0o8VtHy3R8cs
Coffin,Lil Yachty,Lil Boat 3.5,https://api.spotify.com/v1/tracks/5vDNippoMr52KpXBO9b9KQ,spotify:track:5vDNippoMr52KpXBO9b9KQ
Ready (feat. Gunna),"Lil Baby, Gunna",Street Gossip,https://api.spotify.com/v1/tracks/4F6yN5FsFW10Ucx7cLCzBh,spotify:track:4F6yN5FsFW10Ucx7cLCzBh
Russian Cream,Key Glock,Glock Bond,https://api.spotify.com/v1/tracks/03ThZweiBWFP8tOGsk6QMO,spotify:track:03ThZweiBWFP8tOGsk6QMO
3 Headed Goat (feat. Lil Baby & Polo G),"Lil Durk, Lil Baby, Polo G",Just Cause Y'all Waited 2,https://api.spotify.com/v1/tracks/6Tguhaf2uAe6OjRLsR2Tql,spotify:track:6Tguhaf2uAe6OjRLsR2Tql
Run It Up (feat. Offset & Moneybagg Yo),"Lil Tjay, Offset, Moneybagg Yo",Destined 2 Win,https://api.spotify.com/v1/tracks/1dg3qy5DjoJodawfOCgrTP,spotify:track:1dg3qy5DjoJodawfOCgrTP
On Me,Lil Baby,On Me,https://api.spotify.com/v1/tracks/4Iedi94TIaB2GGb1nMB68v,spotify:track:4Iedi94TIaB2GGb1nMB68v
N95,Kendrick Lamar,Mr. Morale & The Big Steppers,https://api.spotify.com/v1/tracks/0fX4oNGBWO3dSGUZcVdVV2,spotify:track:0fX4oNGBWO3dSGUZcVdVV2
Rich Nigga Shit (feat. Young Thug),"21 Savage, Metro Boomin, Young Thug",SAVAGE MODE II,https://api.spotify.com/v1/tracks/3ruoIF2UnoXdzK8mR61ebq,spotify:track:3ruoIF2UnoXdzK8mR61ebq
Surround Sound (feat. 21 Savage & Baby Tate),"JID, 21 Savage, Baby Tate",The Forever Story (Extended Version),https://api.spotify.com/v1/tracks/1udwFobQ1JoOdWPQrp2b6u,spotify:track:1udwFobQ1JoOdWPQrp2b6u
Imagina esse Cenário,"Matuê, Veigh",333,https://api.spotify.com/v1/tracks/2fjqfFUq64thFsqfKN01kS,spotify:track:2fjqfFUq64thFsqfKN01kS
Yes Indeed,"Lil Baby, Drake",Harder Than Ever,https://api.spotify.com/v1/tracks/6vN77lE9LK6HP2DewaN6HZ,spotify:track:6vN77lE9LK6HP2DewaN6HZ
Me Acostumbre (feat. Bad Bunny),"Arcángel, Bad Bunny",Me Acostumbre (feat. Bad Bunny),https://api.spotify.com/v1/tracks/2FIm6YsSGL5acOqSuJDh5s,spotify:track:2FIm6YsSGL5acOqSuJDh5s
We Paid (feat. 42 Dugg),"Lil Baby, 42 Dugg",My Turn (Deluxe),https://api.spotify.com/v1/tracks/6gxKUmycQX7uyMwJcweFjp,spotify:track:6gxKUmycQX7uyMwJcweFjp
Brindis,"Duki, Headie One",AMERI,https://api.spotify.com/v1/tracks/1Bb422wJR14f7sA77gGs0V,spotify:track:1Bb422wJR14f7sA77gGs0V
Pa Ti,"Bad Bunny, Bryant Myers",Pa Ti,https://api.spotify.com/v1/tracks/2QrGCbW0ylj94JfkgLZFlA,spotify:track:2QrGCbW0ylj94JfkgLZFlA
Amigos y Enemigos (feat. Bad Bunny & Almighty) - Remix,"Trap Capos, Noriel, Bad Bunny, Almighty",Amigos y Enemigos (Remix),https://api.spotify.com/v1/tracks/2sA4woGW5KgEgGXXxOKPAZ,spotify:track:2sA4woGW5KgEgGXXxOKPAZ
Tu Me Enamoraste - Remix,"Lary Over, Anuel, Bryant Myers, Almighty, Brytiago",Tu Me Enamoraste (Remix),https://api.spotify.com/v1/tracks/7b6QP0Pz2sqyW7yyXodpm6,spotify:track:7b6QP0Pz2sqyW7yyXodpm6
1993,Matuê,333,https://api.spotify.com/v1/tracks/6QsHhB0W9GtLF3cI7mUVkQ,spotify:track:6QsHhB0W9GtLF3cI7mUVkQ
Going Bad (feat. Drake),"Meek Mill, Drake",Championships,https://api.spotify.com/v1/tracks/2IRZnDFmlqMuOrYOLnZZyc,spotify:track:2IRZnDFmlqMuOrYOLnZZyc
Un Día Más,"Duki, YSY A",AMERI,https://api.spotify.com/v1/tracks/2m3v40xGeLVqnQvAwx5rdi,spotify:track:2m3v40xGeLVqnQvAwx5rdi
CANZONE D'ODIO (feat. Lil Baby),"Lazza, Lil Baby",LOCURA,https://api.spotify.com/v1/tracks/4CNfC20TImtjdwN3dG0uCF,spotify:track:4CNfC20TImtjdwN3dG0uCF
Superhero (Heroes & Villains) [with Future & Chris Brown],"Metro Boomin, Future, Chris Brown",HEROES & VILLAINS,https://api.spotify.com/v1/tracks/0vjeOZ3Ft5jvAi9SBFJm1j,spotify:track:0vjeOZ3Ft5jvAi9SBFJm1j
Maturidade,"KayBlack, Wall Hein, AMUSIK",Maturidade,https://api.spotify.com/v1/tracks/5RHOhXxMVhpEaBcG6hIydA,spotify:track:5RHOhXxMVhpEaBcG6hIydA
Problemas de um Milionário,"WIU, Teto",Problemas de um Milionário,https://api.spotify.com/v1/tracks/0VybBobSYSzliyEJ1VqwGR,spotify:track:0VybBobSYSzliyEJ1VqwGR
BOOKER T,Bad Bunny,EL ÚLTIMO TOUR DEL MUNDO,https://api.spotify.com/v1/tracks/26w9NTiE9NGjW1ZvIOd1So,spotify:track:26w9NTiE9NGjW1ZvIOd1So
Me Ama Me Odia,"Revol, Ozuna, Cosculluela, Arcángel, Brytiago",Me Ama Me Odia,https://api.spotify.com/v1/tracks/6TZXBJLTIOX6DM6hwCsKw2,spotify:track:6TZXBJLTIOX6DM6hwCsKw2
Piece of My Heart (feat. Brent Faiyaz),"Wizkid, Brent Faiyaz",Piece of My Heart (feat. Brent Faiyaz),https://api.spotify.com/v1/tracks/2nYeyMeqYDiFSYYtl2BWD6,spotify:track:2nYeyMeqYDiFSYYtl2BWD6
Tu Boda,"Oscar Maydon, Fuerza Regida",Tu Boda,https://api.spotify.com/v1/tracks/1cOboCuWYI2osTOfolMRS6,spotify:track:1cOboCuWYI2osTOfolMRS6
Después De La 1,"Cris Mj, FloyyMenor, LOUKI",MJ,https://api.spotify.com/v1/tracks/6PhRhocBXP4y7NpciGmzra,spotify:track:6PhRhocBXP4y7NpciGmzra
Qué Pasaría...,"Rauw Alejandro, Bad Bunny",Cosa Nuestra,https://api.spotify.com/v1/tracks/0l0vcZMU7AOeQmUIREoI2U,spotify:track:0l0vcZMU7AOeQmUIREoI2U
Imagínate,"Danny Ocean, Kapo",Imagínate,https://api.spotify.com/v1/tracks/4zbEItKoaRId1vRZkoO0Uh,spotify:track:4zbEItKoaRId1vRZkoO0Uh
Kamikaze (feat. Victor Mendivil),"Natanael Cano, Uriel Gaxiola, Ganggy, Victor Mendivil",Kamikaze (feat. Victor Mendivil),https://api.spotify.com/v1/tracks/6fKvGaO8Dfntvx4thaXtak,spotify:track:6fKvGaO8Dfntvx4thaXtak
Si Antes Te Hubiera Conocido,KAROL G,Si Antes Te Hubiera Conocido,https://api.spotify.com/v1/tracks/6WatFBLVB0x077xWeoVc2k,spotify:track:6WatFBLVB0x077xWeoVc2k
DEPORTIVO,"Blessd, Anuel AA",DEPORTIVO,https://api.spotify.com/v1/tracks/0fKK51bU6lcCCwdNnv64t3,spotify:track:0fKK51bU6lcCCwdNnv64t3
SEXO ES LA MODA,"Maria Becerra, Yandel",SEXO ES LA MODA,https://api.spotify.com/v1/tracks/4U80gkwi6Qk0fBRcDuzn3E,spotify:track:4U80gkwi6Qk0fBRcDuzn3E
+57,"KAROL G, Feid, DFZM, Ovy On The Drums, J Balvin, Maluma, Ryan Castro, Blessd",+57,https://api.spotify.com/v1/tracks/3mg9jYNC1NihbthlglzrWP,spotify:track:3mg9jYNC1NihbthlglzrWP
Khé?,"Rauw Alejandro, Romeo Santos",Cosa Nuestra,https://api.spotify.com/v1/tracks/1YYfyJ2yCvGFCxwjsIqEK9,spotify:track:1YYfyJ2yCvGFCxwjsIqEK9
Nueva Era,"Duki, Myke Towers",AMERI,https://api.spotify.com/v1/tracks/03IpZ9yqJlo3EIgDQUgBSF,spotify:track:03IpZ9yqJlo3EIgDQUgBSF
PELIGROSA,FloyyMenor,PELIGROSA,https://api.spotify.com/v1/tracks/5PCGEfALcpGtURIuTqvX0R,spotify:track:5PCGEfALcpGtURIuTqvX0R
DURO,Quevedo,DURO,https://api.spotify.com/v1/tracks/1kyLInQ2qgYbK4wZxllfV2,spotify:track:1kyLInQ2qgYbK4wZxllfV2
PIÉNSALO,Junior H,$AD BOYZ 4 LIFE II,https://api.spotify.com/v1/tracks/4ZOkfHC38nxSeSqzGE5HFr,spotify:track:4ZOkfHC38nxSeSqzGE5HFr
EN MI MUNDO,"Jasiel Nuñez, Peso Pluma",LA ODISEA,https://api.spotify.com/v1/tracks/0lQogzZgV4XwuUTasz3nPL,spotify:track:0lQogzZgV4XwuUTasz3nPL
Soltera,Shakira,Soltera,https://api.spotify.com/v1/tracks/3OJDtCdYs8QJnui708tEU3,spotify:track:3OJDtCdYs8QJnui708tEU3
EL LOKERON,Tito Double P,INCÓMODO,https://api.spotify.com/v1/tracks/6X6m4xmdFcz31p1h7Qg68c,spotify:track:6X6m4xmdFcz31p1h7Qg68c
UWAIE,Kapo,UWAIE,https://api.spotify.com/v1/tracks/5QjmUqgpPQgXgg4606DqZF,spotify:track:5QjmUqgpPQgXgg4606DqZF
Frente al Mar,Beéle,Frente al Mar,https://api.spotify.com/v1/tracks/60u6hcpH5Qm1M3xESdNBrB,spotify:track:60u6hcpH5Qm1M3xESdNBrB
DOS DÍAS,"Tito Double P, Peso Pluma",INCÓMODO,https://api.spotify.com/v1/tracks/5lKFO0PrOC9jmOlPEdjHsL,spotify:track:5lKFO0PrOC9jmOlPEdjHsL
Rey Sin Reina,Julión Álvarez y su Norteño Banda,Atento Aviso ... Rey Sin Reina,https://api.spotify.com/v1/tracks/0BiDnJFB3TlRB6aji7jUz3,spotify:track:0BiDnJFB3TlRB6aji7jUz3
"Raataan Lambiyan (From ""Shershaah"")","Tanishk Bagchi, Jubin Nautiyal, Asees Kaur","Raataan Lambiyan (From ""Shershaah"")",https://api.spotify.com/v1/tracks/2rOnSn2piaqLAlYjtfUBlY,spotify:track:2rOnSn2piaqLAlYjtfUBlY
Instant Crush (feat. Julian Casablancas),"Daft Punk, Julian Casablancas",Random Access Memories,https://api.spotify.com/v1/tracks/2cGxRwrMyEAp8dEbuZaVv6,spotify:track:2cGxRwrMyEAp8dEbuZaVv6
THE SHADE,Rex Orange County,WHO CARES?,https://api.spotify.com/v1/tracks/1gH1h30wkQdd9zhY3j7a8T,spotify:track:1gH1h30wkQdd9zhY3j7a8T
Vampire Empire,Big Thief,Vampire Empire,https://api.spotify.com/v1/tracks/0ToG55iJZCOzZkcpWbXxpW,spotify:track:0ToG55iJZCOzZkcpWbXxpW
Her,The American Dawn,Her,https://api.spotify.com/v1/tracks/2vlkTkPqdATznKHu9gD2c1,spotify:track:2vlkTkPqdATznKHu9gD2c1
Metamodernity,Vansire,Metamodernity,https://api.spotify.com/v1/tracks/4RGWHfQeJftd5XrP8JUgFj,spotify:track:4RGWHfQeJftd5XrP8JUgFj
ROCKMAN,Mk.gee,ROCKMAN,https://api.spotify.com/v1/tracks/63ABAnFKJCp28TAyqf2cGL,spotify:track:63ABAnFKJCp28TAyqf2cGL
The Gambler,Kenny Rogers,The Gambler,https://api.spotify.com/v1/tracks/5KqldkCunQ2rWxruMEtGh0,spotify:track:5KqldkCunQ2rWxruMEtGh0
Amarillo By Morning,George Strait,Strait From The Heart,https://api.spotify.com/v1/tracks/4TnUKixNWMfajncgdSwFoi,spotify:track:4TnUKixNWMfajncgdSwFoi
My Boo,"USHER, Alicia Keys",Confessions (Expanded Edition),https://api.spotify.com/v1/tracks/68vgtRHr7iZHpzGpon6Jlo,spotify:track:68vgtRHr7iZHpzGpon6Jlo
Sure Thing,Miguel,All I Want Is You,https://api.spotify.com/v1/tracks/0JXXNGljqupsJaZsgSbMZV,spotify:track:0JXXNGljqupsJaZsgSbMZV
With You,Chris Brown,Exclusive (Expanded Edition),https://api.spotify.com/v1/tracks/5Lgcn7u07bHuqbOtXkN62u,spotify:track:5Lgcn7u07bHuqbOtXkN62u
Best Time,Brent Faiyaz,Larger Than Life,https://api.spotify.com/v1/tracks/1zgHn1EqUyA0HqNYMdJ5ia,spotify:track:1zgHn1EqUyA0HqNYMdJ5ia
Foolish,Ashanti,Ashanti,https://api.spotify.com/v1/tracks/6zMUIb4uce1CzpbjR3vMdN,spotify:track:6zMUIb4uce1CzpbjR3vMdN
Fallin',Alicia Keys,Songs In A Minor,https://api.spotify.com/v1/tracks/0KQx6HOpJueiSkztcS0r7D,spotify:track:0KQx6HOpJueiSkztcS0r7D
So Sick,Ne-Yo,In My Own Words,https://api.spotify.com/v1/tracks/6brl7bwOHmGFkNw3MBqssT,spotify:track:6brl7bwOHmGFkNw3MBqssT
The Boy Is Mine,"Brandy, Monica",Never Say Never,https://api.spotify.com/v1/tracks/6sHsXIJoEN5JpdkGMQDJxt,spotify:track:6sHsXIJoEN5JpdkGMQDJxt
Yo (Excuse Me Miss),Chris Brown,Chris Brown (Expanded Edition),https://api.spotify.com/v1/tracks/7DFnq8FYhHMCylykf6ZCxA,spotify:track:7DFnq8FYhHMCylykf6ZCxA
Sativa,"Jhené Aiko, Swae Lee",Trip,https://api.spotify.com/v1/tracks/2pg2TiYo9Rb8KeB5JjP7jS,spotify:track:2pg2TiYo9Rb8KeB5JjP7jS
Heart Of A Woman,Summer Walker,Heart Of A Woman,https://api.spotify.com/v1/tracks/2oVVaVY0LkzwAYYcyzon6Z,spotify:track:2oVVaVY0LkzwAYYcyzon6Z
U Remind Me,USHER,8701,https://api.spotify.com/v1/tracks/2QsZVnbWVSjKMXK6K3uRBL,spotify:track:2QsZVnbWVSjKMXK6K3uRBL
Love Galore (feat. Travis Scott),"SZA, Travis Scott",Ctrl,https://api.spotify.com/v1/tracks/0q75NwOoFiARAVp4EXU4Bs,spotify:track:0q75NwOoFiARAVp4EXU4Bs
No Love (with SZA),"Summer Walker, SZA",Still Over It,https://api.spotify.com/v1/tracks/08SB2OtZkaliju77WYEKxk,spotify:track:08SB2OtZkaliju77WYEKxk
Burn,USHER,Confessions (Expanded Edition),https://api.spotify.com/v1/tracks/7z3N2W7Xz1t2G2sAO8wFVH,spotify:track:7z3N2W7Xz1t2G2sAO8wFVH
Miss Independent,Ne-Yo,Year Of The Gentleman (Bonus Track Edition),https://api.spotify.com/v1/tracks/34ceTg8ChN5HjrqiIYCn9Q,spotify:track:34ceTg8ChN5HjrqiIYCn9Q
Let Me Love You,Mario,Turning Point,https://api.spotify.com/v1/tracks/7GaFYUqP2WdR4KTPk7cXoP,spotify:track:7GaFYUqP2WdR4KTPk7cXoP
Upset (feat. Tommy Richman & FELIX!),"Brent Faiyaz, FELIX!, Tommy Richman",Larger Than Life,https://api.spotify.com/v1/tracks/5iwUwADk4uQUvgMF6PlTRl,spotify:track:5iwUwADk4uQUvgMF6PlTRl
U Got It Bad,USHER,8701,https://api.spotify.com/v1/tracks/7J41dYQolQJEtj3UmKLu5r,spotify:track:7J41dYQolQJEtj3UmKLu5r
Because Of You,Ne-Yo,Because Of You,https://api.spotify.com/v1/tracks/6CFPFnS9EcLs2I0nWqtWci,spotify:track:6CFPFnS9EcLs2I0nWqtWci
Trust,Brent Faiyaz,Lost,https://api.spotify.com/v1/tracks/0oufSLnKQDoBFX5mgkDCgR,spotify:track:0oufSLnKQDoBFX5mgkDCgR
Dilemma,"Nelly, Kelly Rowland",Nellyville,https://api.spotify.com/v1/tracks/0ARK753YaiJbpLUk7z5yIM,spotify:track:0ARK753YaiJbpLUk7z5yIM
Confessions Part II,USHER,Confessions (Expanded Edition),https://api.spotify.com/v1/tracks/7wBThXx7BGZHJJ3aN3OPvv,spotify:track:7wBThXx7BGZHJJ3aN3OPvv
Cheerleader (Felix Jaehn Remix) - Radio Edit,"OMI, Felix Jaehn",Me 4 U,https://api.spotify.com/v1/tracks/7vFoFDWqTX0mHzLfrF1Cfy,spotify:track:7vFoFDWqTX0mHzLfrF1Cfy
Closer,"The Chainsmokers, Halsey",Closer,https://api.spotify.com/v1/tracks/7BKLCZ1jbUBVqRi2FVlTVw,spotify:track:7BKLCZ1jbUBVqRi2FVlTVw
Waiting For Love,Avicii,Stories,https://api.spotify.com/v1/tracks/2P4OICZRVAQcYAV2JReRfj,spotify:track:2P4OICZRVAQcYAV2JReRfj
This Girl (Kungs Vs. Cookin' On 3 Burners),"Kungs, Cookin' On 3 Burners",Layers,https://api.spotify.com/v1/tracks/1A8j067qyiNwQnZT0bzUpZ,spotify:track:1A8j067qyiNwQnZT0bzUpZ
Waves - Robin Schulz Radio Edit,"Mr. Probz, Robin Schulz",Waves (Robin Schulz Radio Edit),https://api.spotify.com/v1/tracks/1HFfMOxCAT4GAwaPfCdmUs,spotify:track:1HFfMOxCAT4GAwaPfCdmUs
Firestone,"Kygo, Conrad Sewell",Cloud Nine,https://api.spotify.com/v1/tracks/1I8tHoNBFTuoJAlh4hfVVE,spotify:track:1I8tHoNBFTuoJAlh4hfVVE
Perfect Strangers,"Jonas Blue, JP Cooper",Blue,https://api.spotify.com/v1/tracks/3P3pw6C19j31Rnzgo3JG7o,spotify:track:3P3pw6C19j31Rnzgo3JG7o
"Hey Mama (feat. Nicki Minaj, Bebe Rexha & Afrojack)","David Guetta, AFROJACK, Bebe Rexha, Nicki Minaj",Listen,https://api.spotify.com/v1/tracks/285HeuLxsngjFn4GGegGNm,spotify:track:285HeuLxsngjFn4GGegGNm
Hear Me Now,"Alok, Zeeba, Bruno Martini",Hear Me Now (feat. Zeeba),https://api.spotify.com/v1/tracks/39cmB3ZoTOLwOTq7tMNqKa,spotify:track:39cmB3ZoTOLwOTq7tMNqKa
Rather Be (feat. Jess Glynne),"Clean Bandit, Jess Glynne",New Eyes,https://api.spotify.com/v1/tracks/61dCUoMCg28qEBzrW6htYM,spotify:track:61dCUoMCg28qEBzrW6htYM
Breaking Me,"Topic, A7S",Breaking Me,https://api.spotify.com/v1/tracks/3H7ihDc1dqLriiWXwsc2po,spotify:track:3H7ihDc1dqLriiWXwsc2po
The Business,Tiësto,The Business,https://api.spotify.com/v1/tracks/6f3Slt0GbA2bPZlz0aIFXN,spotify:track:6f3Slt0GbA2bPZlz0aIFXN
Stay,"Zedd, Alessia Cara",Stay,https://api.spotify.com/v1/tracks/6uBhi9gBXWjanegOb2Phh0,spotify:track:6uBhi9gBXWjanegOb2Phh0
I'm an Albatraoz,"AronChupa, Little Sis Nora",I'm an Albatraoz,https://api.spotify.com/v1/tracks/5MhsZlmKJG6X5kTHkdwC4B,spotify:track:5MhsZlmKJG6X5kTHkdwC4B
BIRDS OF A FEATHER,Billie Eilish,HIT ME HARD AND SOFT,https://api.spotify.com/v1/tracks/6dOtVTDdiauQNBQEDOtlAB,spotify:track:6dOtVTDdiauQNBQEDOtlAB
Not Like Us,Kendrick Lamar,Not Like Us,https://api.spotify.com/v1/tracks/6AI3ezQ4o3HUoP6Dhudph3,spotify:track:6AI3ezQ4o3HUoP6Dhudph3
A Bar Song (Tipsy),Shaboozey,A Bar Song (Tipsy),https://api.spotify.com/v1/tracks/2FQrifJ1N335Ljm3TjTVVf,spotify:track:2FQrifJ1N335Ljm3TjTVVf
Please Please Please,Sabrina Carpenter,Please Please Please,https://api.spotify.com/v1/tracks/5N3hjp1WNayUPZrA8kJmJP,spotify:track:5N3hjp1WNayUPZrA8kJmJP
one of wun,Gunna,One of Wun,https://api.spotify.com/v1/tracks/4Na2HfNSr58chvfX69fy36,spotify:track:4Na2HfNSr58chvfX69fy36
Sunflower - Spider-Man: Into the Spider-Verse,"Post Malone, Swae Lee",Hollywood's Bleeding,https://api.spotify.com/v1/tracks/0RiRZpuVRbi7oqRdSMwhQY,spotify:track:0RiRZpuVRbi7oqRdSMwhQY
Belong Together,Mark Ambor,Belong Together,https://api.spotify.com/v1/tracks/5uQ7de4EWjb3rkcFxyEOpu,spotify:track:5uQ7de4EWjb3rkcFxyEOpu
Moonlight,XXXTENTACION,?,https://api.spotify.com/v1/tracks/0JP9xo3adEtGSdUEISiszL,spotify:track:0JP9xo3adEtGSdUEISiszL
360,Charli xcx,BRAT,https://api.spotify.com/v1/tracks/4w2GLmK2wnioVnb5CPQeex,spotify:track:4w2GLmK2wnioVnb5CPQeex
The Box,Roddy Ricch,Please Excuse Me for Being Antisocial,https://api.spotify.com/v1/tracks/0nbXyq5TXYPCO7pr3N8S4I,spotify:track:0nbXyq5TXYPCO7pr3N8S4I
Lovin On Me,Jack Harlow,Lovin On Me,https://api.spotify.com/v1/tracks/4xhsWYTOGcal8zt0J161CU,spotify:track:4xhsWYTOGcal8zt0J161CU
Where Are You Now,"Lost Frequencies, Calum Scott",All Stand Together,https://api.spotify.com/v1/tracks/3mfER4ORePHvN35cbZ3dkV,spotify:track:3mfER4ORePHvN35cbZ3dkV
2055,Sleepy Hallow,Still Sleep?,https://api.spotify.com/v1/tracks/4XvcHTUfIlWfyJTRG0aqlo,spotify:track:4XvcHTUfIlWfyJTRG0aqlo
Superhero (Heroes & Villains) [with Future & Chris Brown],"Metro Boomin, Future, Chris Brown",HEROES & VILLAINS,https://api.spotify.com/v1/tracks/0vjeOZ3Ft5jvAi9SBFJm1j,spotify:track:0vjeOZ3Ft5jvAi9SBFJm1j
Sprinter,"Dave, Central Cee",Sprinter,https://api.spotify.com/v1/tracks/2FDTHlrBguDzQkp7PVj16Q,spotify:track:2FDTHlrBguDzQkp7PVj16Q
DEVIL IS A LIE,Tommy Richman,DEVIL IS A LIE,https://api.spotify.com/v1/tracks/6jlG8gBPNAgBgoivw2Ig09,spotify:track:6jlG8gBPNAgBgoivw2Ig09
Whatever She Wants,Bryson Tiller,Whatever She Wants,https://api.spotify.com/v1/tracks/57wp7VFnV8X0pSVnYArGeJ,spotify:track:57wp7VFnV8X0pSVnYArGeJ
Surround Sound (feat. 21 Savage & Baby Tate),"JID, 21 Savage, Baby Tate",The Forever Story (Extended Version),https://api.spotify.com/v1/tracks/1udwFobQ1JoOdWPQrp2b6u,spotify:track:1udwFobQ1JoOdWPQrp2b6u
BACKBONE,"Chase & Status, Stormzy",BACKBONE,https://api.spotify.com/v1/tracks/3HrHhTWonBqF4mDasi8xvC,spotify:track:3HrHhTWonBqF4mDasi8xvC
Paint The Town Red,Doja Cat,Scarlet,https://api.spotify.com/v1/tracks/56y1jOTK0XSvJzVv9vHQBK,spotify:track:56y1jOTK0XSvJzVv9vHQBK
MONTAGEM - PR FUNK,"S3BZS, Mc Gw, Mc Menor Do Alvorada",MONTAGEM - PR FUNK,https://api.spotify.com/v1/tracks/6njJR3OIp3oA0Kc4aC9Tzf,spotify:track:6njJR3OIp3oA0Kc4aC9Tzf
Tailor Swif,A$AP Rocky,Tailor Swif,https://api.spotify.com/v1/tracks/5xMjhZKSo8yh5r9b5vrYRr,spotify:track:5xMjhZKSo8yh5r9b5vrYRr
Stronger,Young Jonn,Jiggy Forever,https://api.spotify.com/v1/tracks/4KZMoDuxwSYP63bhbnMqe3,spotify:track:4KZMoDuxwSYP63bhbnMqe3
Are you there?,Ayo Maff,MAFFIAN,https://api.spotify.com/v1/tracks/10y7iW3rc8bzGbhAC3mNPA,spotify:track:10y7iW3rc8bzGbhAC3mNPA
Piece of My Heart (feat. Brent Faiyaz),"Wizkid, Brent Faiyaz",Piece of My Heart (feat. Brent Faiyaz),https://api.spotify.com/v1/tracks/2nYeyMeqYDiFSYYtl2BWD6,spotify:track:2nYeyMeqYDiFSYYtl2BWD6
JUJU (feat. Shallipopi),"Smur Lee, ODUMODUBLVCK, Shallipopi",JUJU (feat. Shallipopi),https://api.spotify.com/v1/tracks/6XBIOtdSL47qn201KKNCA0,spotify:track:6XBIOtdSL47qn201KKNCA0
タイムパラドックス,Vaundy,タイムパラドックス,https://api.spotify.com/v1/tracks/3jNwPOqdPvQIr5dRT0hzgY,spotify:track:3jNwPOqdPvQIr5dRT0hzgY
Could You Be Loved,Bob Marley & The Wailers,Uprising,https://api.spotify.com/v1/tracks/5O4erNlJ74PIF6kGol1ZrC,spotify:track:5O4erNlJ74PIF6kGol1ZrC
Buffalo Soldier,Bob Marley & The Wailers,Confrontation,https://api.spotify.com/v1/tracks/7BfW1eoDh27W69nxsmRicb,spotify:track:7BfW1eoDh27W69nxsmRicb
Still D.R.E.,"Dr. Dre, Snoop Dogg",2001,https://api.spotify.com/v1/tracks/503OTo2dSqe7qk76rgsbep,spotify:track:503OTo2dSqe7qk76rgsbep
Hypnotize - 2014 Remaster,The Notorious B.I.G.,Life After Death (2014 Remastered Edition),https://api.spotify.com/v1/tracks/7KwZNVEaqikRSBSpyhXK2j,spotify:track:7KwZNVEaqikRSBSpyhXK2j
Do For Love,2Pac,R U Still Down? [Remember Me],https://api.spotify.com/v1/tracks/4AE7Lj39VnSZNOmGH2iZaq,spotify:track:4AE7Lj39VnSZNOmGH2iZaq
"Shook Ones, Pt. II",Mobb Deep,The Infamous,https://api.spotify.com/v1/tracks/33ZXjLCpiINn8eQIDYEPTD,spotify:track:33ZXjLCpiINn8eQIDYEPTD
Still Not a Player (feat. Joe) - Radio Version,"Big Pun, Joe",Capital Punishment,https://api.spotify.com/v1/tracks/3GKL13lkM5nRc4zC1lIOrR,spotify:track:3GKL13lkM5nRc4zC1lIOrR
Juicy - 2005 Remaster,The Notorious B.I.G.,Ready to Die (The Remaster),https://api.spotify.com/v1/tracks/5ByAIlEEnxYdvpnezg7HTX,spotify:track:5ByAIlEEnxYdvpnezg7HTX
ATLiens,Outkast,ATLiens,https://api.spotify.com/v1/tracks/2vfvGlqCB7oertO5VLE0sz,spotify:track:2vfvGlqCB7oertO5VLE0sz
Dear Mama,2Pac,Me Against The World,https://api.spotify.com/v1/tracks/6tDxrq4FxEL2q15y37tXT9,spotify:track:6tDxrq4FxEL2q15y37tXT9
Can I Kick It?,A Tribe Called Quest,People's Instinctive Travels and the Paths of Rhythm (25th Anniversary Edition),https://api.spotify.com/v1/tracks/3Ti0GdlrotgwsAVBBugv0I,spotify:track:3Ti0GdlrotgwsAVBBugv0I
Everybody Wants To Rule The World,Tears For Fears,Songs From The Big Chair (Super Deluxe Edition),https://api.spotify.com/v1/tracks/4RvWPyQ5RL0ao9LPZeSouE,spotify:track:4RvWPyQ5RL0ao9LPZeSouE
Africa,TOTO,Toto IV,https://api.spotify.com/v1/tracks/2374M0fQpWi3dLnB54qaLX,spotify:track:2374M0fQpWi3dLnB54qaLX
Under Pressure - Remastered 2011,"Queen, David Bowie",Hot Space (2011 Remaster),https://api.spotify.com/v1/tracks/2fuCquhmrzHpu5xcA1ci9x,spotify:track:2fuCquhmrzHpu5xcA1ci9x
Free Fallin',Tom Petty,Full Moon Fever,https://api.spotify.com/v1/tracks/5tVA6TkbaAH9QMITTQRrNv,spotify:track:5tVA6TkbaAH9QMITTQRrNv
Another One Bites The Dust - Remastered 2011,Queen,The Game (Deluxe Remastered Version),https://api.spotify.com/v1/tracks/57JVGBtBLCfHw2muk5416J,spotify:track:57JVGBtBLCfHw2muk5416J
Edge of Seventeen - 2016 Remaster,Stevie Nicks,Bella Donna (2016 Remastered),https://api.spotify.com/v1/tracks/7L3b6iaVhDVjfo52Hbvh9Z,spotify:track:7L3b6iaVhDVjfo52Hbvh9Z
Don't Stand So Close To Me,The Police,Zenyatta Mondatta (Remastered 2003),https://api.spotify.com/v1/tracks/5veJDT0MLsLbhYsx42GXUD,spotify:track:5veJDT0MLsLbhYsx42GXUD
MAMI WATA,"Gazo, Tiakola",LA MELO EST GANGX,https://api.spotify.com/v1/tracks/6yqwxY8qifBBhyryjZutxk,spotify:track:6yqwxY8qifBBhyryjZutxk
LIKE THAT,BABYMONSTER,BABYMONS7ER,https://api.spotify.com/v1/tracks/7GDgpad2BQVuDUzaxHFakc,spotify:track:7GDgpad2BQVuDUzaxHFakc
BIRDS OF A FEATHER,Billie Eilish,HIT ME HARD AND SOFT,https://api.spotify.com/v1/tracks/6dOtVTDdiauQNBQEDOtlAB,spotify:track:6dOtVTDdiauQNBQEDOtlAB
Tu Boda,"Oscar Maydon, Fuerza Regida",Tu Boda,https://api.spotify.com/v1/tracks/1cOboCuWYI2osTOfolMRS6,spotify:track:1cOboCuWYI2osTOfolMRS6
Qué Pasaría...,"Rauw Alejandro, Bad Bunny",Cosa Nuestra,https://api.spotify.com/v1/tracks/0l0vcZMU7AOeQmUIREoI2U,spotify:track:0l0vcZMU7AOeQmUIREoI2U
Si Antes Te Hubiera Conocido,KAROL G,Si Antes Te Hubiera Conocido,https://api.spotify.com/v1/tracks/6WatFBLVB0x077xWeoVc2k,spotify:track:6WatFBLVB0x077xWeoVc2k
Please Please Please,Sabrina Carpenter,Short n' Sweet,https://api.spotify.com/v1/tracks/2tHwzyyOLoWSFqYNjeVMzj,spotify:track:2tHwzyyOLoWSFqYNjeVMzj
Khé?,"Rauw Alejandro, Romeo Santos",Cosa Nuestra,https://api.spotify.com/v1/tracks/1YYfyJ2yCvGFCxwjsIqEK9,spotify:track:1YYfyJ2yCvGFCxwjsIqEK9
I Wanna Be Yours,Arctic Monkeys,AM,https://api.spotify.com/v1/tracks/5XeFesFbtLpXzIVDNQP22n,spotify:track:5XeFesFbtLpXzIVDNQP22n
See You Again (feat. Kali Uchis),"Tyler, The Creator, Kali Uchis",Flower Boy,https://api.spotify.com/v1/tracks/7KA4W4McWYRpgf0fWsJZWB,spotify:track:7KA4W4McWYRpgf0fWsJZWB
"Sticky (feat. GloRilla, Sexyy Red & Lil Wayne)","Tyler, The Creator, GloRilla, Sexyy Red, Lil Wayne",CHROMAKOPIA,https://api.spotify.com/v1/tracks/3tFed7YsjGnIfxeLEQwx3R,spotify:track:3tFed7YsjGnIfxeLEQwx3R
Rockin' Around The Christmas Tree,Brenda Lee,Merry Christmas From Brenda Lee,https://api.spotify.com/v1/tracks/2EjXfH91m7f8HiJN1yQg97,spotify:track:2EjXfH91m7f8HiJN1yQg97
A Bar Song (Tipsy),Shaboozey,"Where I've Been, Isn't Where I'm Going",https://api.spotify.com/v1/tracks/5fZJQrFKWQLb7FpJXZ1g7K,spotify:track:5fZJQrFKWQLb7FpJXZ1g7K
Riptide,Vance Joy,Dream Your Life Away (Deluxe Edition),https://api.spotify.com/v1/tracks/2uXlHCUbq9OMUwx3hrk06o,spotify:track:2uXlHCUbq9OMUwx3hrk06o
DOS DÍAS,"Tito Double P, Peso Pluma",INCÓMODO,https://api.spotify.com/v1/tracks/5lKFO0PrOC9jmOlPEdjHsL,spotify:track:5lKFO0PrOC9jmOlPEdjHsL
EL LOKERON,Tito Double P,INCÓMODO,https://api.spotify.com/v1/tracks/6X6m4xmdFcz31p1h7Qg68c,spotify:track:6X6m4xmdFcz31p1h7Qg68c
Jingle Bell Rock,Bobby Helms,Jingle Bell Rock/Captain Santa Claus (And His Reindeer Space Patrol),https://api.spotify.com/v1/tracks/7vQbuQcyTflfCIOu3Uzzya,spotify:track:7vQbuQcyTflfCIOu3Uzzya
LA INOCENTE,"Mora, Feid",MICRODOSIS,https://api.spotify.com/v1/tracks/5jt25aFjW2kNoBqaEVaz5W,spotify:track:5jt25aFjW2kNoBqaEVaz5W
PERRO NEGRO,"Bad Bunny, Feid",nadie sabe lo que va a pasar mañana,https://api.spotify.com/v1/tracks/7iQXYTyuG13aoeHxGG28Nh,spotify:track:7iQXYTyuG13aoeHxGG28Nh
Tiroteo - Remix,"Marc Seguí, Rauw Alejandro, Pol Granch",Tiroteo (Remix),https://api.spotify.com/v1/tracks/4OwhwvKESFtuu06dTgct7i,spotify:track:4OwhwvKESFtuu06dTgct7i
Otro Atardecer,"Bad Bunny, The Marías",Un Verano Sin Ti,https://api.spotify.com/v1/tracks/0E0DRHf5PfMeor0ZCwB3oT,spotify:track:0E0DRHf5PfMeor0ZCwB3oT
Neverita,Bad Bunny,Un Verano Sin Ti,https://api.spotify.com/v1/tracks/31i56LZnwE6uSu3exoHjtB,spotify:track:31i56LZnwE6uSu3exoHjtB
PROVENZA,KAROL G,PROVENZA,https://api.spotify.com/v1/tracks/7dSZ6zGTQx66c2GF91xCrb,spotify:track:7dSZ6zGTQx66c2GF91xCrb
Inolvidable,"Ovy On The Drums, Beéle",Inolvidable,https://api.spotify.com/v1/tracks/0OTtnwUO8natNWSwdZvXVF,spotify:track:0OTtnwUO8natNWSwdZvXVF
telepatía,Kali Uchis,Sin Miedo (del Amor y Otros Demonios) ∞,https://api.spotify.com/v1/tracks/6tDDoYIxWvMLTdKpjFkc1B,spotify:track:6tDDoYIxWvMLTdKpjFkc1B
Gato de Noche,"Ñengo Flow, Bad Bunny",Gato de Noche,https://api.spotify.com/v1/tracks/54ELExv56KCAB4UP9cOCzC,spotify:track:54ELExv56KCAB4UP9cOCzC
un x100to,"Grupo Frontera, Bad Bunny",un x100to,https://api.spotify.com/v1/tracks/6pD0ufEQq0xdHSsRbg9LBK,spotify:track:6pD0ufEQq0xdHSsRbg9LBK
CLASSY 101,"Feid, Young Miko",FERXXOCALIPSIS,https://api.spotify.com/v1/tracks/1hZsWUnLbqRw09jLAMQSsb,spotify:track:1hZsWUnLbqRw09jLAMQSsb
Martin & Gina,Polo G,THE GOAT,https://api.spotify.com/v1/tracks/1VLtjHwRWOVJiE5Py7JxoQ,spotify:track:1VLtjHwRWOVJiE5Py7JxoQ
We Paid (feat. 42 Dugg),"Lil Baby, 42 Dugg",My Turn (Deluxe),https://api.spotify.com/v1/tracks/6gxKUmycQX7uyMwJcweFjp,spotify:track:6gxKUmycQX7uyMwJcweFjp
On Me,Lil Baby,On Me,https://api.spotify.com/v1/tracks/4Iedi94TIaB2GGb1nMB68v,spotify:track:4Iedi94TIaB2GGb1nMB68v
Lemonade (feat. NAV),"Internet Money, Gunna, Don Toliver, NAV",B4 The Storm,https://api.spotify.com/v1/tracks/1p0rEzrK7YtdRZVtiyV7RN,spotify:track:1p0rEzrK7YtdRZVtiyV7RN
Drip Too Hard (Lil Baby & Gunna),"Lil Baby, Gunna",Drip Harder,https://api.spotify.com/v1/tracks/78QR3Wp35dqAhFEc2qAGjE,spotify:track:78QR3Wp35dqAhFEc2qAGjE
Yes Indeed,"Lil Baby, Drake",Harder Than Ever,https://api.spotify.com/v1/tracks/6vN77lE9LK6HP2DewaN6HZ,spotify:track:6vN77lE9LK6HP2DewaN6HZ
No Heart,"21 Savage, Metro Boomin",Savage Mode,https://api.spotify.com/v1/tracks/4gmmRb6bZJffOOiww1JGTO,spotify:track:4gmmRb6bZJffOOiww1JGTO
Bank Account,21 Savage,Issa Album,https://api.spotify.com/v1/tracks/5eqK0tbzUPo2SoeZsov04s,spotify:track:5eqK0tbzUPo2SoeZsov04s
Ready (feat. Gunna),"Lil Baby, Gunna",Street Gossip,https://api.spotify.com/v1/tracks/4F6yN5FsFW10Ucx7cLCzBh,spotify:track:4F6yN5FsFW10Ucx7cLCzBh
Freestyle,Lil Baby,Too Hard,https://api.spotify.com/v1/tracks/5BbdKBZO0TH0GhfxUfyhL9,spotify:track:5BbdKBZO0TH0GhfxUfyhL9
Walk Em Down (feat. Roddy Ricch),"NLE Choppa, Roddy Ricch",Top Shotta,https://api.spotify.com/v1/tracks/1Z0cZI0UzNbP9L8MzzGxqf,spotify:track:1Z0cZI0UzNbP9L8MzzGxqf
Baby (Lil Baby feat. DaBaby),"Quality Control, Lil Baby, DaBaby",Quality Control: Control The Streets Volume 2,https://api.spotify.com/v1/tracks/5MPPttjfGap2C6j6eKcO6J,spotify:track:5MPPttjfGap2C6j6eKcO6J
3 Headed Goat (feat. Lil Baby & Polo G),"Lil Durk, Lil Baby, Polo G",Just Cause Y'all Waited 2,https://api.spotify.com/v1/tracks/6Tguhaf2uAe6OjRLsR2Tql,spotify:track:6Tguhaf2uAe6OjRLsR2Tql
Robbery,Juice WRLD,Death Race For Love (Bonus Track Version),https://api.spotify.com/v1/tracks/6iaSML1PIYq936g62BDtBq,spotify:track:6iaSML1PIYq936g62BDtBq
Lonely At The Top,Asake,Work Of Art,https://api.spotify.com/v1/tracks/5ZtK8XAVnoaGdBXZWCEVCY,spotify:track:5ZtK8XAVnoaGdBXZWCEVCY
Stronger,Young Jonn,Jiggy Forever,https://api.spotify.com/v1/tracks/4KZMoDuxwSYP63bhbnMqe3,spotify:track:4KZMoDuxwSYP63bhbnMqe3
Trance (with Travis Scott & Young Thug),"Metro Boomin, Travis Scott, Young Thug",HEROES & VILLAINS,https://api.spotify.com/v1/tracks/5wG3HvLhF6Y5KTGlK0IW3J,spotify:track:5wG3HvLhF6Y5KTGlK0IW3J
Active,"Asake, Travis Scott",Lungu Boy,https://api.spotify.com/v1/tracks/1qxKva4IzWde7m2jLpZvDU,spotify:track:1qxKva4IzWde7m2jLpZvDU
JUJU (feat. Shallipopi),"Smur Lee, ODUMODUBLVCK, Shallipopi",JUJU (feat. Shallipopi),https://api.spotify.com/v1/tracks/6XBIOtdSL47qn201KKNCA0,spotify:track:6XBIOtdSL47qn201KKNCA0
Piece of My Heart (feat. Brent Faiyaz),"Wizkid, Brent Faiyaz",Piece of My Heart (feat. Brent Faiyaz),https://api.spotify.com/v1/tracks/2nYeyMeqYDiFSYYtl2BWD6,spotify:track:2nYeyMeqYDiFSYYtl2BWD6
Just Give Me a Reason (feat. Nate Ruess),"P!nk, Nate Ruess",The Truth About Love,https://api.spotify.com/v1/tracks/1mKXFLRA179hdOWQBwUk9e,spotify:track:1mKXFLRA179hdOWQBwUk9e
Shape of You,Ed Sheeran,÷ (Deluxe),https://api.spotify.com/v1/tracks/7qiZfU4dY1lWllzX7mPBI3,spotify:track:7qiZfU4dY1lWllzX7mPBI3
Sure Thing,Miguel,All I Want Is You,https://api.spotify.com/v1/tracks/0JXXNGljqupsJaZsgSbMZV,spotify:track:0JXXNGljqupsJaZsgSbMZV
Circles,Post Malone,Hollywood's Bleeding,https://api.spotify.com/v1/tracks/21jGcNKet2qwijlDFuPiPb,spotify:track:21jGcNKet2qwijlDFuPiPb
Fast Car,Luke Combs,Gettin' Old,https://api.spotify.com/v1/tracks/1Lo0QY9cvc8sUB2vnIOxDT,spotify:track:1Lo0QY9cvc8sUB2vnIOxDT
Anti-Hero,Taylor Swift,Midnights,https://api.spotify.com/v1/tracks/0V3wPSX9ygBnCm8psDIegu,spotify:track:0V3wPSX9ygBnCm8psDIegu
Thinking out Loud,Ed Sheeran,x (Deluxe Edition),https://api.spotify.com/v1/tracks/34gCuhDGsG4bRPIf9bb02f,spotify:track:34gCuhDGsG4bRPIf9bb02f
Try,P!nk,The Truth About Love,https://api.spotify.com/v1/tracks/1jF7IL57ayN4Ity3jQqGu0,spotify:track:1jF7IL57ayN4Ity3jQqGu0
7 Years,Lukas Graham,Lukas Graham,https://api.spotify.com/v1/tracks/5kqIPrATaCc2LqxVWzQGbk,spotify:track:5kqIPrATaCc2LqxVWzQGbk
Like I'm Gonna Lose You (feat. John Legend),"Meghan Trainor, John Legend",Title (Deluxe),https://api.spotify.com/v1/tracks/2YlZnw2ikdb837oKMKjBkW,spotify:track:2YlZnw2ikdb837oKMKjBkW
She Will Be Loved - Radio Mix,Maroon 5,Songs About Jane: 10th Anniversary Edition,https://api.spotify.com/v1/tracks/4llK75pXNWZz6KAho2Gp16,spotify:track:4llK75pXNWZz6KAho2Gp16
Without Me,Halsey,Manic,https://api.spotify.com/v1/tracks/6FZDfxM3a3UCqtzo5pxSLZ,spotify:track:6FZDfxM3a3UCqtzo5pxSLZ
The Middle,"Zedd, Maren Morris, Grey",The Middle,https://api.spotify.com/v1/tracks/09IStsImFySgyp0pIQdqAc,spotify:track:09IStsImFySgyp0pIQdqAc
Royals,Lorde,Pure Heroine,https://api.spotify.com/v1/tracks/2dLLR6qlu5UJ5gk0dKz0h3,spotify:track:2dLLR6qlu5UJ5gk0dKz0h3
I'm Yours,Jason Mraz,We Sing. We Dance. We Steal Things.,https://api.spotify.com/v1/tracks/1EzrEOXmMH3G43AXT1y7pA,spotify:track:1EzrEOXmMH3G43AXT1y7pA
Somebody That I Used To Know,"Gotye, Kimbra",Making Mirrors,https://api.spotify.com/v1/tracks/4wCmqSrbyCgxEXROQE6vtV,spotify:track:4wCmqSrbyCgxEXROQE6vtV
Issues,Julia Michaels,Nervous System,https://api.spotify.com/v1/tracks/7vu0JkJh0ldukEYbTVcqd0,spotify:track:7vu0JkJh0ldukEYbTVcqd0
Halo,Beyoncé,I AM...SASHA FIERCE,https://api.spotify.com/v1/tracks/4JehYebiI9JE8sR8MisGVb,spotify:track:4JehYebiI9JE8sR8MisGVb
"10,000 Hours (with Justin Bieber)","Dan + Shay, Justin Bieber","10,000 Hours (with Justin Bieber)",https://api.spotify.com/v1/tracks/2wrJq5XKLnmhRXHIAf9xBa,spotify:track:2wrJq5XKLnmhRXHIAf9xBa
Shape of You,Ed Sheeran,÷ (Deluxe),https://api.spotify.com/v1/tracks/7qiZfU4dY1lWllzX7mPBI3,spotify:track:7qiZfU4dY1lWllzX7mPBI3
Ms. Jackson,Outkast,Stankonia,https://api.spotify.com/v1/tracks/0I3q5fE6wg7LIfHGngUTnV,spotify:track:0I3q5fE6wg7LIfHGngUTnV
Gimme More,Britney Spears,Blackout,https://api.spotify.com/v1/tracks/6ic8OlLUNEATToEFU3xmaH,spotify:track:6ic8OlLUNEATToEFU3xmaH
What Do You Mean?,Justin Bieber,Purpose (Deluxe),https://api.spotify.com/v1/tracks/4B0JvthVoAAuygILe3n4Bs,spotify:track:4B0JvthVoAAuygILe3n4Bs
Don't Stop The Music,Rihanna,Good Girl Gone Bad: Reloaded,https://api.spotify.com/v1/tracks/0ByMNEPAPpOR5H69DVrTNy,spotify:track:0ByMNEPAPpOR5H69DVrTNy
Tainted Love,Soft Cell,Non-Stop Erotic Cabaret,https://api.spotify.com/v1/tracks/0cGG2EouYCEEC3xfa0tDFV,spotify:track:0cGG2EouYCEEC3xfa0tDFV
Gimme! Gimme! Gimme! (A Man After Midnight),ABBA,Voulez-Vous,https://api.spotify.com/v1/tracks/3vkQ5DAB1qQMYO4Mr9zJN6,spotify:track:3vkQ5DAB1qQMYO4Mr9zJN6
Waiting For Love,Avicii,Stories,https://api.spotify.com/v1/tracks/2P4OICZRVAQcYAV2JReRfj,spotify:track:2P4OICZRVAQcYAV2JReRfj
Pon de Replay,Rihanna,Music Of The Sun,https://api.spotify.com/v1/tracks/4TsmezEQVSZNNPv5RJ65Ov,spotify:track:4TsmezEQVSZNNPv5RJ65Ov
No Diggity,"Blackstreet, Dr. Dre, Queen Pen",Another Level,https://api.spotify.com/v1/tracks/6MdqqkQ8sSC0WB4i8PyRuQ,spotify:track:6MdqqkQ8sSC0WB4i8PyRuQ
"Freed From Desire - prod. Molella, Phil Jay","Gala, Molella, Phil Jay",Come Into My Life (The Album),https://api.spotify.com/v1/tracks/3u5N55tHf7hXATSQrjBh2q,spotify:track:3u5N55tHf7hXATSQrjBh2q
Stayin' Alive,Bee Gees,Staying Alive (Original Motion Picture Soundtrack),https://api.spotify.com/v1/tracks/4UDmDIqJIbrW0hMBQMFOsM,spotify:track:4UDmDIqJIbrW0hMBQMFOsM
Kiss,Prince,Parade - Music from the Motion Picture Under the Cherry Moon,https://api.spotify.com/v1/tracks/62LJFaYihsdVrrkgUOJC05,spotify:track:62LJFaYihsdVrrkgUOJC05
All Around The World (La La La),"R3HAB, A Touch Of Class",All Around The World (La La La),https://api.spotify.com/v1/tracks/02itaCXOdC54J0ISjqqFAp,spotify:track:02itaCXOdC54J0ISjqqFAp
Don't Cha,"The Pussycat Dolls, Busta Rhymes",PCD,https://api.spotify.com/v1/tracks/0BxfFnk0YzONqvmrkO0QrB,spotify:track:0BxfFnk0YzONqvmrkO0QrB
Rockabye (feat. Sean Paul & Anne-Marie),"Clean Bandit, Sean Paul, Anne-Marie",Rockabye (feat. Sean Paul & Anne-Marie),https://api.spotify.com/v1/tracks/5knuzwU65gJK7IF5yJsuaW,spotify:track:5knuzwU65gJK7IF5yJsuaW
Tarzan Boy,Baltimora,Living In The Background,https://api.spotify.com/v1/tracks/273uCXd7NPrInaiNqtkOrA,spotify:track:273uCXd7NPrInaiNqtkOrA
the perfect pair,beabadoobee,Beatopia,https://api.spotify.com/v1/tracks/41P6Tnd8KIHqON0QIydx6a,spotify:track:41P6Tnd8KIHqON0QIydx6a
Tip Toe,HYBS,Tip Toe,https://api.spotify.com/v1/tracks/0MJ5wKsPEeihONNfugHGy7,spotify:track:0MJ5wKsPEeihONNfugHGy7
For the First Time,Mac DeMarco,This Old Dog,https://api.spotify.com/v1/tracks/2R4AlwtrrkMaRKojcTIzmL,spotify:track:2R4AlwtrrkMaRKojcTIzmL
4EVER,Clairo,4EVER,https://api.spotify.com/v1/tracks/5mIOsPuQdXchVY0jB5NO9Q,spotify:track:5mIOsPuQdXchVY0jB5NO9Q
In A Good Way,Faye Webster,I Know I'm Funny haha,https://api.spotify.com/v1/tracks/2VYnlKxB8jpbCeLUjQsebc,spotify:track:2VYnlKxB8jpbCeLUjQsebc
Do I Wanna Know?,Arctic Monkeys,AM,https://api.spotify.com/v1/tracks/5FVd6KXrgO9B3JPmC8OPst,spotify:track:5FVd6KXrgO9B3JPmC8OPst
Ride,Twenty One Pilots,Blurryface,https://api.spotify.com/v1/tracks/2Z8WuEywRWYTKe1NybPQEW,spotify:track:2Z8WuEywRWYTKe1NybPQEW
Scar Tissue,Red Hot Chili Peppers,Californication (Deluxe Edition),https://api.spotify.com/v1/tracks/1G391cbiT3v3Cywg8T7DM1,spotify:track:1G391cbiT3v3Cywg8T7DM1
Gives You Hell,The All-American Rejects,When The World Comes Down,https://api.spotify.com/v1/tracks/6ihL9TjfRjadfEePzXXyVF,spotify:track:6ihL9TjfRjadfEePzXXyVF
Sacrifice,Elton John,Sleeping With The Past (Remastered with bonus tracks),https://api.spotify.com/v1/tracks/0e3yhVeNaTfKIWQRw9U9sY,spotify:track:0e3yhVeNaTfKIWQRw9U9sY
"It Must Have Been Love - From the Film ""Pretty Woman""",Roxette,It Must Have Been Love,https://api.spotify.com/v1/tracks/6kvoHl80mfCVTv7XnZkjQn,spotify:track:6kvoHl80mfCVTv7XnZkjQn
Apologize,OneRepublic,Dreaming Out Loud,https://api.spotify.com/v1/tracks/3UhXPxLDFKCj1ZO6mmtV0a,spotify:track:3UhXPxLDFKCj1ZO6mmtV0a
Mad,Ne-Yo,Year Of The Gentleman (Bonus Track Edition),https://api.spotify.com/v1/tracks/6Hn9Uc1mMNfqChXU3txNke,spotify:track:6Hn9Uc1mMNfqChXU3txNke
Let Me Love You,Mario,Turning Point,https://api.spotify.com/v1/tracks/7GaFYUqP2WdR4KTPk7cXoP,spotify:track:7GaFYUqP2WdR4KTPk7cXoP
Halo,Beyoncé,I AM...SASHA FIERCE,https://api.spotify.com/v1/tracks/4JehYebiI9JE8sR8MisGVb,spotify:track:4JehYebiI9JE8sR8MisGVb
Yo (Excuse Me Miss),Chris Brown,Chris Brown (Expanded Edition),https://api.spotify.com/v1/tracks/7DFnq8FYhHMCylykf6ZCxA,spotify:track:7DFnq8FYhHMCylykf6ZCxA
Sexual Healing,Marvin Gaye,Midnight Love,https://api.spotify.com/v1/tracks/3VZmChrnVW8JK6ano4gSED,spotify:track:3VZmChrnVW8JK6ano4gSED
Baby,"Justin Bieber, Ludacris",My World 2.0,https://api.spotify.com/v1/tracks/6epn3r7S14KUqlReYr77hA,spotify:track:6epn3r7S14KUqlReYr77hA
U Remind Me,USHER,8701,https://api.spotify.com/v1/tracks/2QsZVnbWVSjKMXK6K3uRBL,spotify:track:2QsZVnbWVSjKMXK6K3uRBL
Confessions Part II,USHER,Confessions (Expanded Edition),https://api.spotify.com/v1/tracks/7wBThXx7BGZHJJ3aN3OPvv,spotify:track:7wBThXx7BGZHJJ3aN3OPvv
Love The Way You Lie,"Eminem, Rihanna",Recovery,https://api.spotify.com/v1/tracks/15JINEqzVMv3SvJTAXAKED,spotify:track:15JINEqzVMv3SvJTAXAKED
Hate That I Love You,"Rihanna, Ne-Yo",Good Girl Gone Bad: Reloaded,https://api.spotify.com/v1/tracks/7iu0WYLdo4yksKf3seaxzI,spotify:track:7iu0WYLdo4yksKf3seaxzI
Baby Can I Hold You,Tracy Chapman,Tracy Chapman,https://api.spotify.com/v1/tracks/2DjWsDGgL1xNbhnr7f6t5F,spotify:track:2DjWsDGgL1xNbhnr7f6t5F
Stan,"Eminem, Dido",The Marshall Mathers LP,https://api.spotify.com/v1/tracks/3UmaczJpikHgJFyBTAJVoz,spotify:track:3UmaczJpikHgJFyBTAJVoz
When I See U,Fantasia,Fantasia,https://api.spotify.com/v1/tracks/4iuNZTcvT9diFySSzVsnVS,spotify:track:4iuNZTcvT9diFySSzVsnVS
My Home,Myles Smith,My Home,https://api.spotify.com/v1/tracks/4ZEw5uS9RY6M6lEjsu7w8Q,spotify:track:4ZEw5uS9RY6M6lEjsu7w8Q
Turn out fine,Henrik,Turn out fine,https://api.spotify.com/v1/tracks/4gdDN4A202OO2u7UDhoMjM,spotify:track:4gdDN4A202OO2u7UDhoMjM
Riptide,Vance Joy,Dream Your Life Away (Deluxe Edition),https://api.spotify.com/v1/tracks/2uXlHCUbq9OMUwx3hrk06o,spotify:track:2uXlHCUbq9OMUwx3hrk06o
Good To Be,Mark Ambor,Rockwood,https://api.spotify.com/v1/tracks/2tnSBYJyGGYD0Gbn07tTHZ,spotify:track:2tnSBYJyGGYD0Gbn07tTHZ
Saturday Sun,Vance Joy,Nation of Two,https://api.spotify.com/v1/tracks/2RiBogNRfulkNf7fVbPOrJ,spotify:track:2RiBogNRfulkNf7fVbPOrJ
Operator (That's Not the Way It Feels),Jim Croce,You Don't Mess Around With Jim,https://api.spotify.com/v1/tracks/4mQtXW0vrHC3oTkA1mQsb0,spotify:track:4mQtXW0vrHC3oTkA1mQsb0
A Horse with No Name,"America, George Martin",America,https://api.spotify.com/v1/tracks/54eZmuggBFJbV7k248bTTt,spotify:track:54eZmuggBFJbV7k248bTTt
Brown Munde,"AP Dhillon, Gminxr, Gurinder Gill, Shinda Kahlon",Brown Munde,https://api.spotify.com/v1/tracks/58f4twRnbZOOVUhMUpplJ4,spotify:track:58f4twRnbZOOVUhMUpplJ4
Stumblin' In,CYRIL,Stumblin' In,https://api.spotify.com/v1/tracks/0h3Xy4V4apMraB5NuM8U7Z,spotify:track:0h3Xy4V4apMraB5NuM8U7Z
This Girl (Kungs Vs. Cookin' On 3 Burners),"Kungs, Cookin' On 3 Burners",Layers,https://api.spotify.com/v1/tracks/1A8j067qyiNwQnZT0bzUpZ,spotify:track:1A8j067qyiNwQnZT0bzUpZ
Stumblin' In,CYRIL,Stumblin' In,https://api.spotify.com/v1/tracks/0h3Xy4V4apMraB5NuM8U7Z,spotify:track:0h3Xy4V4apMraB5NuM8U7Z
I Only Smoke When I Drink,nimino,I Only Smoke When I Drink,https://api.spotify.com/v1/tracks/39glDGcpBhLVMSsQhvtqHR,spotify:track:39glDGcpBhLVMSsQhvtqHR
Around The World,"Niklas Dee, René Miller",Around The World,https://api.spotify.com/v1/tracks/47KhhDku9RLDsWIJjYaXDs,spotify:track:47KhhDku9RLDsWIJjYaXDs
Where Did You Go? (feat. MNEK),"Jax Jones, MNEK",Where Did You Go (feat. MNEK),https://api.spotify.com/v1/tracks/3sa06xVNmLLYIxdNNmVQN8,spotify:track:3sa06xVNmLLYIxdNNmVQN8
adore u,"Fred again.., Obongjayar",adore u,https://api.spotify.com/v1/tracks/3YgtkOxZsTuaZdL8McA1FQ,spotify:track:3YgtkOxZsTuaZdL8McA1FQ
El Listón De Tu Pelo,Los Ángeles Azules,Una Lluvia De Rosas,https://api.spotify.com/v1/tracks/5hrxAFrYbNTLjAYSrmbpgr,spotify:track:5hrxAFrYbNTLjAYSrmbpgr
17 Años,Los Ángeles Azules,Una Lluvia De Rosas,https://api.spotify.com/v1/tracks/1Y372uxsCkKqNclj2ercap,spotify:track:1Y372uxsCkKqNclj2ercap
Piensa En Mí,Grupo Mojado,Sueño Y Realidad,https://api.spotify.com/v1/tracks/1xKP7GVLY33i5jmx1bB1Kk,spotify:track:1xKP7GVLY33i5jmx1bB1Kk
+57,"KAROL G, Feid, DFZM, Ovy On The Drums, J Balvin, Maluma, Ryan Castro, Blessd",+57,https://api.spotify.com/v1/tracks/3mg9jYNC1NihbthlglzrWP,spotify:track:3mg9jYNC1NihbthlglzrWP
Gata Only (Remix),"FloyyMenor, Ozuna, Anitta",Gata Only (Remix),https://api.spotify.com/v1/tracks/0JGTfiC4Z41GEEpMYLbWwO,spotify:track:0JGTfiC4Z41GEEpMYLbWwO
PELIGROSA,FloyyMenor,EL COMIENZO,https://api.spotify.com/v1/tracks/42wdz3j7gstgUuhoFLCXqd,spotify:track:42wdz3j7gstgUuhoFLCXqd
ADIVINO,"Myke Towers, Bad Bunny",ADIVINO,https://api.spotify.com/v1/tracks/0LZy30mVmxqUpdQmaXKXBd,spotify:track:0LZy30mVmxqUpdQmaXKXBd
REINA,"Mora, SAIKO",ESTRELLA,https://api.spotify.com/v1/tracks/0QRHOAeU8JRaVVn3UoZBih,spotify:track:0QRHOAeU8JRaVVn3UoZBih
PERRO NEGRO,"Bad Bunny, Feid",nadie sabe lo que va a pasar mañana,https://api.spotify.com/v1/tracks/7iQXYTyuG13aoeHxGG28Nh,spotify:track:7iQXYTyuG13aoeHxGG28Nh
HIBIKI,"Bad Bunny, Mora",nadie sabe lo que va a pasar mañana,https://api.spotify.com/v1/tracks/4qSEvFGCpde73gqIuq3sho,spotify:track:4qSEvFGCpde73gqIuq3sho
FINA,"Bad Bunny, Young Miko",nadie sabe lo que va a pasar mañana,https://api.spotify.com/v1/tracks/3nNmRE0DxHC6ZaKkrpUumS,spotify:track:3nNmRE0DxHC6ZaKkrpUumS
DILUVIO,Rauw Alejandro,PLAYA SATURNO,https://api.spotify.com/v1/tracks/2kz1YOhJiNubjigR1gB1VX,spotify:track:2kz1YOhJiNubjigR1gB1VX
QLONA,"KAROL G, Peso Pluma",MAÑANA SERÁ BONITO (BICHOTA SEASON),https://api.spotify.com/v1/tracks/5RqSsdzTNPX1uzkmlHCFvK,spotify:track:5RqSsdzTNPX1uzkmlHCFvK
La Jumpa,"Arcángel, Bad Bunny",La Jumpa,https://api.spotify.com/v1/tracks/5MxFWjuqQIsbNWbMdMdbli,spotify:track:5MxFWjuqQIsbNWbMdMdbli
Me Porto Bonito,"Bad Bunny, Chencho Corleone",Un Verano Sin Ti,https://api.spotify.com/v1/tracks/6Sq7ltF9Qa7SNFBsV5Cogx,spotify:track:6Sq7ltF9Qa7SNFBsV5Cogx
Efecto,Bad Bunny,Un Verano Sin Ti,https://api.spotify.com/v1/tracks/5Eax0qFko2dh7Rl2lYs3bx,spotify:track:5Eax0qFko2dh7Rl2lYs3bx
MEMORIAS,"Mora, JHAYCO",MICRODOSIS,https://api.spotify.com/v1/tracks/2hLXUbsOU9cDb9RFva9FYr,spotify:track:2hLXUbsOU9cDb9RFva9FYr
TE MUDASTE,Bad Bunny,EL ÚLTIMO TOUR DEL MUNDO,https://api.spotify.com/v1/tracks/5RubKOuDoPn5Kj5TLVxSxY,spotify:track:5RubKOuDoPn5Kj5TLVxSxY
LA NOCHE DE ANOCHE,"Bad Bunny, ROSALÍA",EL ÚLTIMO TOUR DEL MUNDO,https://api.spotify.com/v1/tracks/2XIc1pqjXV3Cr2BQUGNBck,spotify:track:2XIc1pqjXV3Cr2BQUGNBck
"Yo x Ti, Tu x Mi","ROSALÍA, Ozuna","Yo x Ti, Tu x Mi",https://api.spotify.com/v1/tracks/7BlBVFwvbWvcwNcUarQmjk,spotify:track:7BlBVFwvbWvcwNcUarQmjk
DÁKITI,"Bad Bunny, JHAYCO",EL ÚLTIMO TOUR DEL MUNDO,https://api.spotify.com/v1/tracks/4MzXwWMhyBbmu6hOcLVD49,spotify:track:4MzXwWMhyBbmu6hOcLVD49
Si Veo a Tu Mamá,Bad Bunny,YHLQMDLG,https://api.spotify.com/v1/tracks/41wtwzCZkXwpnakmwJ239F,spotify:track:41wtwzCZkXwpnakmwJ239F
Yo Perreo Sola,Bad Bunny,YHLQMDLG,https://api.spotify.com/v1/tracks/0SqqAgdovOE24BzxIClpjw,spotify:track:0SqqAgdovOE24BzxIClpjw
Velitas,"Darell, Brytiago",Velitas,https://api.spotify.com/v1/tracks/7q3NthaBqFI6s0WnAlnIvq,spotify:track:7q3NthaBqFI6s0WnAlnIvq
Con Altura,"ROSALÍA, J Balvin, El Guincho",Con Altura,https://api.spotify.com/v1/tracks/2qG5sZ7Si6sdK74qLxedYM,spotify:track:2qG5sZ7Si6sdK74qLxedYM
Verte Ir,"DJ Luian, Mambo Kingz, Anuel AA, Nicky Jam, Darell, Brytiago",Verte Ir,https://api.spotify.com/v1/tracks/4lzxJ4jCuFDXXGkE1LmpKR,spotify:track:4lzxJ4jCuFDXXGkE1LmpKR
512,"Mora, JHAYCO",Primer Dia de Clases,https://api.spotify.com/v1/tracks/5jzEwSyyymBlf1fa1o39T2,spotify:track:5jzEwSyyymBlf1fa1o39T2
Sensualidad,"Bad Bunny, Prince Royce, J Balvin, Mambo Kingz, DJ Luian",Sensualidad,https://api.spotify.com/v1/tracks/5hcisvFMidkMJlElTO9Qmw,spotify:track:5hcisvFMidkMJlElTO9Qmw
Sigue Bailandome,"Yannc, Darkiel, Eladio Carrion, Brray, Myke Towers",Sigue Bailandome,https://api.spotify.com/v1/tracks/0GmiGIxXDNrePrHBpijYDp,spotify:track:0GmiGIxXDNrePrHBpijYDp
Una Vez,"Bad Bunny, Mora",YHLQMDLG,https://api.spotify.com/v1/tracks/5J7teKIJGtqVypgYI6sqXj,spotify:track:5J7teKIJGtqVypgYI6sqXj
EL MAKINON,"KAROL G, Mariah Angeliq",KG0516,https://api.spotify.com/v1/tracks/2FSGUA0gFgGeQdprjtGM2M,spotify:track:2FSGUA0gFgGeQdprjtGM2M
ALMAS GEMELAS,Myke Towers,ALMAS GEMELAS,https://api.spotify.com/v1/tracks/2KcNrONbZ0hvBPjvrDO2tx,spotify:track:2KcNrONbZ0hvBPjvrDO2tx
Bichiyal,"Bad Bunny, Yaviah",YHLQMDLG,https://api.spotify.com/v1/tracks/4j4w4CXm6BSr0s25wAWrrX,spotify:track:4j4w4CXm6BSr0s25wAWrrX
Desesperados,"Rauw Alejandro, Chencho Corleone",Desesperados,https://api.spotify.com/v1/tracks/6ZOcbKub95XSDESsKKuH41,spotify:track:6ZOcbKub95XSDESsKKuH41
Después de la Playa,Bad Bunny,Un Verano Sin Ti,https://api.spotify.com/v1/tracks/1dm6z1fWB0cErMszU25dy2,spotify:track:1dm6z1fWB0cErMszU25dy2
Moscow Mule,Bad Bunny,Un Verano Sin Ti,https://api.spotify.com/v1/tracks/6Xom58OOXk2SoU711L2IXO,spotify:track:6Xom58OOXk2SoU711L2IXO
Agosto,Bad Bunny,Un Verano Sin Ti,https://api.spotify.com/v1/tracks/0wihfILRNOwE2156Shezc8,spotify:track:0wihfILRNOwE2156Shezc8
¿Qué Nos Pasó?,Anuel AA,¿Qué Nos Pasó?,https://api.spotify.com/v1/tracks/7k3qWn8D43a5ISa3x8lJux,spotify:track:7k3qWn8D43a5ISa3x8lJux
LA INOCENTE,"Mora, Feid",MICRODOSIS,https://api.spotify.com/v1/tracks/5jt25aFjW2kNoBqaEVaz5W,spotify:track:5jt25aFjW2kNoBqaEVaz5W
Nostálgico,"Rvssian, Rauw Alejandro, Chris Brown",Nostálgico,https://api.spotify.com/v1/tracks/2BEcap3xJtmiPaHKyfQi4e,spotify:track:2BEcap3xJtmiPaHKyfQi4e
Gato de Noche,"Ñengo Flow, Bad Bunny",Gato de Noche,https://api.spotify.com/v1/tracks/54ELExv56KCAB4UP9cOCzC,spotify:track:54ELExv56KCAB4UP9cOCzC
La Bebe - Remix,"Yng Lvcas, Peso Pluma",La Bebe (Remix),https://api.spotify.com/v1/tracks/2UW7JaomAMuX9pZrjVpHAU,spotify:track:2UW7JaomAMuX9pZrjVpHAU
LALA,Myke Towers,LA VIDA ES UNA,https://api.spotify.com/v1/tracks/7ABLbnD53cQK00mhcaOUVG,spotify:track:7ABLbnD53cQK00mhcaOUVG
Si Se Da - Remix,"Myke Towers, Farruko, Arcángel, Sech, Zion",Si Se da Remix,https://api.spotify.com/v1/tracks/6K5BsR04ijf3FHNzjbaagD,spotify:track:6K5BsR04ijf3FHNzjbaagD
Nada,"Cazzu, Lyanno, Rauw Alejandro, Dalex",Error 93,https://api.spotify.com/v1/tracks/7DOh0tBGnyMt6C5OO7o8Yq,spotify:track:7DOh0tBGnyMt6C5OO7o8Yq
Santa,"Rvssian, Rauw Alejandro, Ayra Starr",Santa,https://api.spotify.com/v1/tracks/5bi0gh89wRuH2OgjdAKFsb,spotify:track:5bi0gh89wRuH2OgjdAKFsb
Guay,"Ozuna, Bad Gyal",Guay,https://api.spotify.com/v1/tracks/1S3SAFqLBWk3HaR5UyXp43,spotify:track:1S3SAFqLBWk3HaR5UyXp43
Gata Only,"FloyyMenor, Cris Mj",Gata Only,https://api.spotify.com/v1/tracks/6XjDF6nds4DE2BBbagZol6,spotify:track:6XjDF6nds4DE2BBbagZol6
ELOVRGA,"Alex Favela, Grupo Marca Registrada, Joaquin Medina",ELOVRGA,https://api.spotify.com/v1/tracks/2TJKY0WSFufZOzbRNgl6zE,spotify:track:2TJKY0WSFufZOzbRNgl6zE
Porno,"Rich Music LTD, Sech, Dalex, Justin Quiles, Lenny Tavárez, Feid",The Academy,https://api.spotify.com/v1/tracks/34ZngZgo8xicbt1EE8Ob8Z,spotify:track:34ZngZgo8xicbt1EE8Ob8Z
Si Antes Te Hubiera Conocido,KAROL G,Si Antes Te Hubiera Conocido,https://api.spotify.com/v1/tracks/6WatFBLVB0x077xWeoVc2k,spotify:track:6WatFBLVB0x077xWeoVc2k
APAGA EL CEL,"FloyyMenor, Lewis Somes",EL COMIENZO,https://api.spotify.com/v1/tracks/0ZS96pPRLyGUViVi5PWCAR,spotify:track:0ZS96pPRLyGUViVi5PWCAR
CLASSY 101,"Feid, Young Miko",FERXXOCALIPSIS,https://api.spotify.com/v1/tracks/1hZsWUnLbqRw09jLAMQSsb,spotify:track:1hZsWUnLbqRw09jLAMQSsb
LUNA,"Feid, ATL Jacob",FERXXOCALIPSIS,https://api.spotify.com/v1/tracks/7bywjHOc0wSjGGbj04XbVi,spotify:track:7bywjHOc0wSjGGbj04XbVi
TU TA RICA,"FloyyMenor, Lewis Somes",EL COMIENZO,https://api.spotify.com/v1/tracks/27bcRgu0wnDteieWlLCxc8,spotify:track:27bcRgu0wnDteieWlLCxc8
Parado no Bailão,"MC L da Vinte, MC Gury",Parado no Bailão,https://api.spotify.com/v1/tracks/3Hb9kUdm4yf839Fle4RIdT,spotify:track:3Hb9kUdm4yf839Fle4RIdT
MONTAGEM - PR FUNK,"S3BZS, Mc Gw, Mc Menor Do Alvorada",MONTAGEM - PR FUNK,https://api.spotify.com/v1/tracks/6njJR3OIp3oA0Kc4aC9Tzf,spotify:track:6njJR3OIp3oA0Kc4aC9Tzf
Faz um Vuk Vuk (Teto Espelhado),"MC Kevin o Chris, Dj Nk Da Serra, Mc Magrinho",Faz um Vuk Vuk (Teto Espelhado),https://api.spotify.com/v1/tracks/64CovjRwInpOJW4PiGMprY,spotify:track:64CovjRwInpOJW4PiGMprY
MTG QUEM NÃO QUER SOU EU,"DJ TOPO, Seu Jorge, Mc Leozin, MC G15",MTG QUEM NÃO QUER SOU EU,https://api.spotify.com/v1/tracks/6RjSXi9cPGroetXeNsWFGL,spotify:track:6RjSXi9cPGroetXeNsWFGL
Ela Joga na Hora,"Mc Pogba, DJ Guih Da ZO",Ela Joga na Hora,https://api.spotify.com/v1/tracks/6hZGsChumRhWG24OEh698c,spotify:track:6hZGsChumRhWG24OEh698c
THE BOX MEDLEY FUNK 2,"THE BOX, Mc Brinquedo, MC Cebezinho, MC Tuto, Mc Laranjinha, DJ Oreia",THE BOX MEDLEY FUNK 2,https://api.spotify.com/v1/tracks/7IFsTX5H1sWcEl8joV0IdD,spotify:track:7IFsTX5H1sWcEl8joV0IdD
Tá OK,"DENNIS, MC Kevin o Chris",Tá OK,https://api.spotify.com/v1/tracks/0fABszUFNbNq9IW503Gj8v,spotify:track:0fABszUFNbNq9IW503Gj8v
TUMBÁTUM,"Tropa do Bruxo, SMU, Dj Vitin do Pc, MC JF, MC NAHARA",Baile do Bruxo (DELUXE),https://api.spotify.com/v1/tracks/24R0oyjvhV4HIFFvoK3XkP,spotify:track:24R0oyjvhV4HIFFvoK3XkP
Onlar Anlamaz Halden,Semicenk,Geçiyor Zaman,https://api.spotify.com/v1/tracks/38d47UiHhyu4wdbPYz0ZUB,spotify:track:38d47UiHhyu4wdbPYz0ZUB
Geçiyor Zaman,Semicenk,Geçiyor Zaman,https://api.spotify.com/v1/tracks/3ma4Ef3Bnl3UBOV4ShiMLX,spotify:track:3ma4Ef3Bnl3UBOV4ShiMLX
Küle Dönmüşsün,"Semicenk, Doğu Swag",Küle Dönmüşsün,https://api.spotify.com/v1/tracks/2CZzw0He9fzyi2FkBkn4Bk,spotify:track:2CZzw0He9fzyi2FkBkn4Bk
infinity (888) - feat. Joey Badass,"XXXTENTACION, Joey Badass",?,https://api.spotify.com/v1/tracks/7J2gyNghNTzl4EsLhXp01Q,spotify:track:7J2gyNghNTzl4EsLhXp01Q
Love Yourz,J. Cole,2014 Forest Hills Drive,https://api.spotify.com/v1/tracks/2e3Ea0o24lReQFR4FA7yXH,spotify:track:2e3Ea0o24lReQFR4FA7yXH
Champagne Shots,Sainté,Local Mvp,https://api.spotify.com/v1/tracks/7dbyaRWWFvB9UG2vcwTd3J,spotify:track:7dbyaRWWFvB9UG2vcwTd3J
Rich Spirit,Kendrick Lamar,Mr. Morale & The Big Steppers,https://api.spotify.com/v1/tracks/1QPreu0BNOrUfEb8HTd2qG,spotify:track:1QPreu0BNOrUfEb8HTd2qG
Righteous Minds,Joey Badass,1999,https://api.spotify.com/v1/tracks/7dFGkZbmm6cVlI28bfMaWE,spotify:track:7dFGkZbmm6cVlI28bfMaWE
It Was A Good Day,Ice Cube,The Predator,https://api.spotify.com/v1/tracks/2qOm7ukLyHUXWyR4ZWLwxA,spotify:track:2qOm7ukLyHUXWyR4ZWLwxA
Redbone,Childish Gambino,"""Awaken, My Love!""",https://api.spotify.com/v1/tracks/3vQ4T78TTMOjQXGfXVKQJo,spotify:track:3vQ4T78TTMOjQXGfXVKQJo
Passionfruit,Drake,More Life,https://api.spotify.com/v1/tracks/5mCPDVBb16L4XQwDdbRUpz,spotify:track:5mCPDVBb16L4XQwDdbRUpz
Ocean Prime (feat. Boldy James),"The Alchemist, Boldy James",Yacht Rock 2,https://api.spotify.com/v1/tracks/5467KZaTToEB680WvOd9w5,spotify:track:5467KZaTToEB680WvOd9w5
ATLiens,Outkast,ATLiens,https://api.spotify.com/v1/tracks/2vfvGlqCB7oertO5VLE0sz,spotify:track:2vfvGlqCB7oertO5VLE0sz
Do For Love,2Pac,R U Still Down? [Remember Me],https://api.spotify.com/v1/tracks/4AE7Lj39VnSZNOmGH2iZaq,spotify:track:4AE7Lj39VnSZNOmGH2iZaq
Embarrassed (feat. Travis Scott),"Don Toliver, Travis Scott",Love Sick (Deluxe),https://api.spotify.com/v1/tracks/6w9GrSUaQQIaMBYtabge7p,spotify:track:6w9GrSUaQQIaMBYtabge7p
You Know How We Do It,Ice Cube,Lethal Injection,https://api.spotify.com/v1/tracks/2Ih217RCGAmyQR68Nn7Cqo,spotify:track:2Ih217RCGAmyQR68Nn7Cqo
See You Again (feat. Kali Uchis),"Tyler, The Creator, Kali Uchis",Flower Boy,https://api.spotify.com/v1/tracks/7KA4W4McWYRpgf0fWsJZWB,spotify:track:7KA4W4McWYRpgf0fWsJZWB
Neighbors,J. Cole,4 Your Eyez Only,https://api.spotify.com/v1/tracks/0utlOiJy2weVl9WTkcEWHy,spotify:track:0utlOiJy2weVl9WTkcEWHy
Piece of My Heart (feat. Brent Faiyaz),"Wizkid, Brent Faiyaz",Piece of My Heart (feat. Brent Faiyaz),https://api.spotify.com/v1/tracks/2nYeyMeqYDiFSYYtl2BWD6,spotify:track:2nYeyMeqYDiFSYYtl2BWD6
Holy Ghost,Omah Lay,Holy Ghost,https://api.spotify.com/v1/tracks/0zVk3uuV9UhxAt48F3OL12,spotify:track:0zVk3uuV9UhxAt48F3OL12
Lonely At The Top,Asake,Work Of Art,https://api.spotify.com/v1/tracks/5ZtK8XAVnoaGdBXZWCEVCY,spotify:track:5ZtK8XAVnoaGdBXZWCEVCY
Sprinter,"Dave, Central Cee",Sprinter,https://api.spotify.com/v1/tracks/2FDTHlrBguDzQkp7PVj16Q,spotify:track:2FDTHlrBguDzQkp7PVj16Q
Rush,Ayra Starr,Rush,https://api.spotify.com/v1/tracks/1rrqJ9QkOBYJlsZgqqwxgB,spotify:track:1rrqJ9QkOBYJlsZgqqwxgB
Essence (feat. Tems),"Wizkid, Tems",Made In Lagos,https://api.spotify.com/v1/tracks/5FG7Tl93LdH117jEKYl3Cm,spotify:track:5FG7Tl93LdH117jEKYl3Cm
In My Bed,"Rotimi, Wale",The Beauty of Becoming,https://api.spotify.com/v1/tracks/6XM53PbvlzhuNtJZtpl7RP,spotify:track:6XM53PbvlzhuNtJZtpl7RP
Location (feat. Burna Boy),"Dave, Burna Boy",PSYCHODRAMA,https://api.spotify.com/v1/tracks/3z4CGd63tpUn9a6oQSG0CI,spotify:track:3z4CGd63tpUn9a6oQSG0CI
Higher,Tems,For Broken Ears,https://api.spotify.com/v1/tracks/2QdSb68BzZGMgCbsrFmSLc,spotify:track:2QdSb68BzZGMgCbsrFmSLc
KU LO SA - A COLORS SHOW,Oxlade,KU LO SA - A COLORS SHOW,https://api.spotify.com/v1/tracks/2WigMwGJysIh9fRnSJvpjn,spotify:track:2WigMwGJysIh9fRnSJvpjn
Are you there?,Ayo Maff,MAFFIAN,https://api.spotify.com/v1/tracks/10y7iW3rc8bzGbhAC3mNPA,spotify:track:10y7iW3rc8bzGbhAC3mNPA
cardigan,Taylor Swift,folklore,https://api.spotify.com/v1/tracks/4R2kfaDFhslZEMJqAFNpdd,spotify:track:4R2kfaDFhslZEMJqAFNpdd
Martin & Gina,Polo G,THE GOAT,https://api.spotify.com/v1/tracks/1VLtjHwRWOVJiE5Py7JxoQ,spotify:track:1VLtjHwRWOVJiE5Py7JxoQ
Drip Too Hard (Lil Baby & Gunna),"Lil Baby, Gunna",Drip Harder,https://api.spotify.com/v1/tracks/78QR3Wp35dqAhFEc2qAGjE,spotify:track:78QR3Wp35dqAhFEc2qAGjE
Ballin' (with Roddy Ricch),"Mustard, Roddy Ricch",Perfect Ten,https://api.spotify.com/v1/tracks/3QzAOrNlsabgbMwlZt7TAY,spotify:track:3QzAOrNlsabgbMwlZt7TAY
Suicidal,YNW Melly,Melly vs. Melvin,https://api.spotify.com/v1/tracks/1iSqfoUFnQwV0QW1EfUit8,spotify:track:1iSqfoUFnQwV0QW1EfUit8
Down With Me,Lil Tecca,TEC (Bonus),https://api.spotify.com/v1/tracks/00n83h3zn2IrySO4Q4aTrG,spotify:track:00n83h3zn2IrySO4Q4aTrG
Wow.,Post Malone,Hollywood's Bleeding,https://api.spotify.com/v1/tracks/7xQAfvXzm3AkraOtGPWIZg,spotify:track:7xQAfvXzm3AkraOtGPWIZg
HIM ALL ALONG,Gunna,HIM ALL ALONG,https://api.spotify.com/v1/tracks/2EKL77lwxvo615Ga7VjEUl,spotify:track:2EKL77lwxvo615Ga7VjEUl
Circles,Post Malone,Hollywood's Bleeding,https://api.spotify.com/v1/tracks/21jGcNKet2qwijlDFuPiPb,spotify:track:21jGcNKet2qwijlDFuPiPb
16,Baby Keem,The Melodic Blue,https://api.spotify.com/v1/tracks/1Is8hGpkGMiePASAxBluxM,spotify:track:1Is8hGpkGMiePASAxBluxM
I Just Called To Say I Love You,Stevie Wonder,At The Close Of A Century,https://api.spotify.com/v1/tracks/6RNDeRnWsRMjPdNVgupZCs,spotify:track:6RNDeRnWsRMjPdNVgupZCs
Boyfriend,YEONJUN,Cinderella at 2AM OST Part 4,https://api.spotify.com/v1/tracks/7dk7jxKBun1JQ2pPPBxDYl,spotify:track:7dk7jxKBun1JQ2pPPBxDYl
Me Fui de Vacaciones,Bad Bunny,Un Verano Sin Ti,https://api.spotify.com/v1/tracks/28GCbKgjlVD9eDmasGbe0T,spotify:track:28GCbKgjlVD9eDmasGbe0T
Nunca Es Suficiente,"Los Ángeles Azules, Natalia Lafourcade",Esto Sí Es Cumbia,https://api.spotify.com/v1/tracks/0HlMshB5JmZjPNbOuOgFHN,spotify:track:0HlMshB5JmZjPNbOuOgFHN
Muerte En Hawaii,Calle 13,Entren Los Que Quieran,https://api.spotify.com/v1/tracks/3kNVYo6BJE9AENxzokM9YC,spotify:track:3kNVYo6BJE9AENxzokM9YC
Russian Bandana,Dhanda Nyoliwala,Russian Bandana,https://api.spotify.com/v1/tracks/1dFrZr9eMUsFqeag04ClqD,spotify:track:1dFrZr9eMUsFqeag04ClqD
Still Rollin,Shubh,Still Rollin,https://api.spotify.com/v1/tracks/6oz1L5jcqZWYuId7nxvIan,spotify:track:6oz1L5jcqZWYuId7nxvIan
Dior,Shubh,Still Rollin,https://api.spotify.com/v1/tracks/53QrRlALFJfZgdcGLKwy5s,spotify:track:53QrRlALFJfZgdcGLKwy5s
Cheques,Shubh,Still Rollin,https://api.spotify.com/v1/tracks/4eBvRhTJ2AcxCsbfTUjoRp,spotify:track:4eBvRhTJ2AcxCsbfTUjoRp
MVP,Shubh,MVP,https://api.spotify.com/v1/tracks/5BQePe9rcCJozHK3oPayYk,spotify:track:5BQePe9rcCJozHK3oPayYk
8 ASLE,"Sukha, Chani Nattan, Prodgk, Gurlez Akhtar",UNDISPUTED,https://api.spotify.com/v1/tracks/6wkHR8cU4INbp145hngbQO,spotify:track:6wkHR8cU4INbp145hngbQO
King Shit,Shubh,Leo,https://api.spotify.com/v1/tracks/1BpvuKIG7jK5EiTp2tv5z8,spotify:track:1BpvuKIG7jK5EiTp2tv5z8
Tu hai kahan,AUR,Tu hai kahan,https://api.spotify.com/v1/tracks/3zSSCPpLZ5Oc8nelhhGjKz,spotify:track:3zSSCPpLZ5Oc8nelhhGjKz
2MS,Nemzzz,2MS,https://api.spotify.com/v1/tracks/0rwOtnvfoBHa443aTwjSlu,spotify:track:0rwOtnvfoBHa443aTwjSlu
UK Rap,"Dave, Central Cee",Split Decision,https://api.spotify.com/v1/tracks/2VjOTvl50tscmc0RDjPdr2,spotify:track:2VjOTvl50tscmc0RDjPdr2
Luz De Dia,Los Enanitos Verdes,Nectar,https://api.spotify.com/v1/tracks/6TqXieeBcZZHyaO14hQpKx,spotify:track:6TqXieeBcZZHyaO14hQpKx
Fotografía,"Juanes, Nelly Furtado",Un Día Normal,https://api.spotify.com/v1/tracks/0dEPlb8waIqRtKpLb3l6So,spotify:track:0dEPlb8waIqRtKpLb3l6So
Te Lo Pido por Favor,Jaguares,El Primer Instinto,https://api.spotify.com/v1/tracks/6iRkrVOhCjgKFB2cBWnx4M,spotify:track:6iRkrVOhCjgKFB2cBWnx4M
Proper Patola,"Badshah, Diljit Dosanjh, Aastha Gill",Namaste England (Original Motion Picture Soundtrack),https://api.spotify.com/v1/tracks/39ujbBjTwwqUFySaCYDMMT,spotify:track:39ujbBjTwwqUFySaCYDMMT
Djadja,Aya Nakamura,NAKAMURA,https://api.spotify.com/v1/tracks/7sKDftgGirHWTVFMtJoDoh,spotify:track:7sKDftgGirHWTVFMtJoDoh
Casanova,"Soolking, Gazo",Casanova,https://api.spotify.com/v1/tracks/30D9x5LFgL2o9xidjX2wtE,spotify:track:30D9x5LFgL2o9xidjX2wtE
Formidable,Stromae,racine carrée,https://api.spotify.com/v1/tracks/2AMysGXOe0zzZJMtH3Nizb,spotify:track:2AMysGXOe0zzZJMtH3Nizb
Seya,"SativaMusic, Morad, GIMS",Seya,https://api.spotify.com/v1/tracks/5EVY9jwZDhgyLDyNGCGWYh,spotify:track:5EVY9jwZDhgyLDyNGCGWYh
Tous les mêmes,Stromae,racine carrée,https://api.spotify.com/v1/tracks/6M4nkEPZMj58acftDRTuKL,spotify:track:6M4nkEPZMj58acftDRTuKL
Est-ce que tu m'aimes ? - Pilule bleue,GIMS,Mon coeur avait raison,https://api.spotify.com/v1/tracks/3a9TMd2Yrza6HXqqlfMtfy,spotify:track:3a9TMd2Yrza6HXqqlfMtfy
Solitaire,Werenoi,Telegram,https://api.spotify.com/v1/tracks/3kzXT2poHInDISrXOgT1PR,spotify:track:3kzXT2poHInDISrXOgT1PR
Imagine,Carbonne,Imagine,https://api.spotify.com/v1/tracks/6IcsbETuviVu6UTiBTcxY4,spotify:track:6IcsbETuviVu6UTiBTcxY4
MANON B,"Tiakola, Ryflo, Oskoow",BDLM VOL.1,https://api.spotify.com/v1/tracks/6C0SXfD7rR46MpWK5VJSEw,spotify:track:6C0SXfD7rR46MpWK5VJSEw
PONA NINI,"Tiakola, Genezio, Prototype",BDLM VOL.1,https://api.spotify.com/v1/tracks/6JCjcuo4VKAP4bHhbHj6fe,spotify:track:6JCjcuo4VKAP4bHhbHj6fe
MANON B,"Tiakola, Ryflo, Oskoow",MANON B,https://api.spotify.com/v1/tracks/2PYlRGF5Wi5sDobsLH5gLX,spotify:track:2PYlRGF5Wi5sDobsLH5gLX
Tieduprightnow,Parcels,Tieduprightnow,https://api.spotify.com/v1/tracks/66tkDkPsznE5zIHNt4QkXB,spotify:track:66tkDkPsznE5zIHNt4QkXB
KU LO SA - A COLORS SHOW,Oxlade,KU LO SA - A COLORS SHOW,https://api.spotify.com/v1/tracks/2WigMwGJysIh9fRnSJvpjn,spotify:track:2WigMwGJysIh9fRnSJvpjn
Calm Down,Rema,Calm Down,https://api.spotify.com/v1/tracks/6hgoYQDUcPyCz7LcTUHKxa,spotify:track:6hgoYQDUcPyCz7LcTUHKxa
Rush,Ayra Starr,Rush,https://api.spotify.com/v1/tracks/1rrqJ9QkOBYJlsZgqqwxgB,spotify:track:1rrqJ9QkOBYJlsZgqqwxgB
In My Bed,"Rotimi, Wale",The Beauty of Becoming,https://api.spotify.com/v1/tracks/6XM53PbvlzhuNtJZtpl7RP,spotify:track:6XM53PbvlzhuNtJZtpl7RP
Fountains (with Tems),"Drake, Tems",Certified Lover Boy,https://api.spotify.com/v1/tracks/08XWh5c0BMyD1nKVxxl91z,spotify:track:08XWh5c0BMyD1nKVxxl91z
People,Libianca,People,https://api.spotify.com/v1/tracks/26b3oVLrRUaaybJulow9kz,spotify:track:26b3oVLrRUaaybJulow9kz
soso,Omah Lay,Boy Alone,https://api.spotify.com/v1/tracks/1wADwLSkYhrSmy4vdy6BRn,spotify:track:1wADwLSkYhrSmy4vdy6BRn
KANTE (feat. Fave),"Davido, FAVE",Timeless,https://api.spotify.com/v1/tracks/7vKXc90NT5WBm3UTT4iTVG,spotify:track:7vKXc90NT5WBm3UTT4iTVG
